<?xml version = '1.0' encoding = 'UTF-8'?>
<Diagram class="oracle.dbtools.crest.swingui.logical.DPVLogical" name="Logical" id="73287B86-4D7C-23DF-D15E-1AF4B2D655E5">
<createdBy>leti_</createdBy>
<modifiedBy>leti_</modifiedBy>
<createdTime>2017-08-20 16:28:11 UTC</createdTime>
<autoRoute>false</autoRoute>
<boxInbox>true</boxInbox>
<showLegend>true</showLegend>
<showLabels>false</showLabels>
<showRelAttributes>false</showRelAttributes>
<gridEnabled>false</gridEnabled>
<showGrid>false</showGrid>
<diagramColor>-1</diagramColor>
<legendPosX>2</legendPosX>
<legendPosY>5</legendPosY>
<display>false</display>
<notation>1</notation>
<objectViews>
<OView class="oracle.dbtools.crest.swingui.logical.TVEntity" oid="317148CB-3E1F-54DD-8265-8F316082C93B" otype="Entity" vid="3B80AB78-640F-B68E-7704-111D1F8A4572">
<hideElementsInCurrentOnly>false</hideElementsInCurrentOnly>
<bounds x="987" y="536" width="170" height="110"/>
</OView>
<OView class="oracle.dbtools.crest.swingui.logical.TVEntity" oid="31CF314C-7555-A59B-3B9C-930E147EA218" otype="Entity" vid="E8ADC0B5-C483-AA32-8B7D-46F7E487B9A8">
<hideElementsInCurrentOnly>false</hideElementsInCurrentOnly>
<bounds x="630" y="443" width="237" height="110"/>
</OView>
<OView class="oracle.dbtools.crest.swingui.logical.TVEntity" oid="35173738-FD41-5BB2-C36F-5476B7E1AD13" otype="Entity" vid="2D8B9358-E8DF-F8B4-D5FF-49B0DC44B196">
<hideElementsInCurrentOnly>false</hideElementsInCurrentOnly>
<bounds x="1111" y="807" width="170" height="110"/>
</OView>
<OView class="oracle.dbtools.crest.swingui.logical.TVEntity" oid="3B96CB72-CF22-C055-5399-BF03C1E0BCB9" otype="Entity" vid="ECF6C67C-EE25-6305-616D-327946D0F393">
<hideElementsInCurrentOnly>false</hideElementsInCurrentOnly>
<bounds x="920" y="241" width="170" height="110"/>
</OView>
<OView class="oracle.dbtools.crest.swingui.logical.TVEntity" oid="50BC83AB-5341-3D8F-A415-639C725AADF0" otype="Entity" vid="F198CBC1-574D-9E56-290F-D5EA3ADAA243">
<hideElementsInCurrentOnly>false</hideElementsInCurrentOnly>
<bounds x="43" y="357" width="170" height="110"/>
</OView>
<OView class="oracle.dbtools.crest.swingui.logical.TVEntity" oid="5A805B69-515F-38FC-A6E9-F64CD4B0298B" otype="Entity" vid="18E197BF-A365-75B7-9A6A-6FEA65A83BF7">
<hideElementsInCurrentOnly>false</hideElementsInCurrentOnly>
<bounds x="845" y="700" width="170" height="110"/>
</OView>
<OView class="oracle.dbtools.crest.swingui.TVLegend" oid="5D27E237-8CDF-4E56-C231-40A5465DFD9B" otype="Legend" vid="6F5E3B1F-3808-880F-6A6E-475B8801ABBF">
<hideElementsInCurrentOnly>false</hideElementsInCurrentOnly>
<bounds x="2" y="5" width="232" height="135"/>
</OView>
<OView class="oracle.dbtools.crest.swingui.logical.TVEntity" oid="5E21976B-4F0E-148C-5FAB-3583371BC9BA" otype="Entity" vid="09436D59-7615-4DCB-4DB0-192002B79F73">
<hideElementsInCurrentOnly>false</hideElementsInCurrentOnly>
<bounds x="82" y="591" width="170" height="110"/>
</OView>
<OView class="oracle.dbtools.crest.swingui.logical.TVEntity" oid="73635CD2-45BC-6FD8-CB15-04885935F71E" otype="Entity" vid="5DCDE9D2-873D-93A6-1320-BFF80C3A8A7F">
<hideElementsInCurrentOnly>false</hideElementsInCurrentOnly>
<bounds x="658" y="259" width="190" height="110"/>
</OView>
<OView class="oracle.dbtools.crest.swingui.logical.TVEntity" oid="7BB4F69B-17B3-6532-EC13-BA5ED28A8738" otype="Entity" vid="775B2865-6DBF-B1C6-1134-CB2F9179301C">
<hideElementsInCurrentOnly>false</hideElementsInCurrentOnly>
<bounds x="42" y="532" width="170" height="110"/>
</OView>
<OView class="oracle.dbtools.crest.swingui.logical.TVEntity" oid="87F34599-386F-6EE1-B86B-35A10C4CFBA7" otype="Entity" vid="A65C3F39-776E-8579-A832-9062C8B865C3">
<hideElementsInCurrentOnly>false</hideElementsInCurrentOnly>
<bounds x="420" y="256" width="203" height="110"/>
</OView>
<OView class="oracle.dbtools.crest.swingui.logical.TVEntity" oid="8DA07C7E-D059-4B66-6661-DCD6F4C2CE53" otype="Entity" vid="62E7CA35-9E04-2778-1B12-732B8B975BA1">
<hideElementsInCurrentOnly>false</hideElementsInCurrentOnly>
<bounds x="31" y="709" width="170" height="110"/>
</OView>
<OView class="oracle.dbtools.crest.swingui.logical.TVEntity" oid="A5788371-BDEE-D0F8-B86D-628784588F4F" otype="Entity" vid="111936FE-5B7F-6953-B031-0778B5ECD548">
<hideElementsInCurrentOnly>false</hideElementsInCurrentOnly>
<bounds x="368" y="439" width="198" height="111"/>
</OView>
<OView class="oracle.dbtools.crest.swingui.logical.TVEntity" oid="BA21BDF9-7C8B-10AA-E376-9997D1564CB8" otype="Entity" vid="82E474BD-538D-BBEC-726E-6D8593061A03">
<hideElementsInCurrentOnly>false</hideElementsInCurrentOnly>
<bounds x="267" y="3" width="170" height="110"/>
</OView>
<OView class="oracle.dbtools.crest.swingui.logical.TVEntity" oid="BD1A465E-FC4E-3289-C5CC-0C39473C7C3B" otype="Entity" vid="A7B0C2EC-2EDF-BB20-7F65-AC5A66E594C3">
<hideElementsInCurrentOnly>false</hideElementsInCurrentOnly>
<bounds x="901" y="46" width="170" height="110"/>
</OView>
<OView class="oracle.dbtools.crest.swingui.logical.TVEntity" oid="D2ECCB83-C4D0-D691-3A8E-9D89A8C85D66" otype="Entity" vid="0AB8C71E-DEDB-0F84-856A-6DB662947254">
<hideElementsInCurrentOnly>false</hideElementsInCurrentOnly>
<bounds x="507" y="640" width="170" height="110"/>
</OView>
<OView class="oracle.dbtools.crest.swingui.logical.TVEntity" oid="EC350CB5-86DD-3950-378B-74C50AA2D8F2" otype="Entity" vid="66F5D093-93A7-1105-63EF-279CA816DB56">
<hideElementsInCurrentOnly>false</hideElementsInCurrentOnly>
<bounds x="641" y="867" width="170" height="110"/>
</OView>
<OView class="oracle.dbtools.crest.swingui.TVNote" oid="F93D6D50-4C2F-D157-9602-BACD8DDAD3D5" otype="Note" vid="25C94E2B-22B1-54AB-2BC7-6AD14F4DA4FD">
<hideElementsInCurrentOnly>false</hideElementsInCurrentOnly>
<bounds x="0" y="152" width="258" height="182"/>
<useCustomFormat>true</useCustomFormat>
<useDefaultColor>false</useDefaultColor>
<backgroundColor>-4144960</backgroundColor>
<foregroundColor>-16777216</foregroundColor>
<comment>COMPONENTES DO GRUPO:&lt;br/&gt;RM-NOME COMPLETO&lt;br/&gt;&lt;br/&gt;75786-LETICIA DA SILVA VIRGINIO&lt;br/&gt;&lt;br/&gt;77815-MARCUS VINICIUS SILVA CARCELES&lt;br/&gt;&lt;br/&gt;78690-MAYARA MINARE MENDONCA&lt;br/&gt;&lt;br/&gt;79112-DANIELLE RAISSA BRITO COSTA&lt;br/&gt;&lt;br/&gt;78582- EDUARDO NUVENS</comment>
<fonts itemClass="oracle.dbtools.crest.model.design.FontObjectWr">
<FontObject>
<foType>Title</foType>
<fontName>Arial</fontName>
<fontSize>9</fontSize>
<colorRGB>-16777216</colorRGB>
</FontObject>
<FontObject>
<foType>Título</foType>
<colorRGB>-16777216</colorRGB>
</FontObject>
</fonts>
</OView>
<OView class="oracle.dbtools.crest.swingui.logical.TVEntity" oid="FB61ADA9-600A-D186-22D3-2861C9040317" otype="Entity" vid="FBB1E079-F271-78CE-07AF-3C5CA40F82A0">
<hideElementsInCurrentOnly>false</hideElementsInCurrentOnly>
<bounds x="501" y="15" width="170" height="110"/>
</OView>
</objectViews>
<connectors>
<Connector class="oracle.dbtools.crest.swingui.logical.TVRelation" oid="0A6DE10B-0FEF-9864-B5AC-CEF75CACBA38" otype="Relation" vid_source="FBB1E079-F271-78CE-07AF-3C5CA40F82A0" vid_target="5DCDE9D2-873D-93A6-1320-BFF80C3A8A7F">
<hideElementsInCurrentOnly>false</hideElementsInCurrentOnly>
<lineWidth>1</lineWidth>
<points>
<point x="671" y="115"/>
<point x="747" y="115"/>
<point x="747" y="259"/>
</points>
</Connector>
<Connector class="oracle.dbtools.crest.swingui.logical.TVRelation" oid="599E4D00-792B-6CBD-EDCE-C7A2E103502F" otype="Relation" vid_source="ECF6C67C-EE25-6305-616D-327946D0F393" vid_target="A7B0C2EC-2EDF-BB20-7F65-AC5A66E594C3">
<hideElementsInCurrentOnly>false</hideElementsInCurrentOnly>
<lineWidth>1</lineWidth>
<points>
<point x="995" y="241"/>
<point x="995" y="156"/>
</points>
</Connector>
<Connector class="oracle.dbtools.crest.swingui.logical.TVRelation" oid="92A5FC06-BECD-7646-EE1D-B5C502694C98" otype="Relation" vid_source="FBB1E079-F271-78CE-07AF-3C5CA40F82A0" vid_target="A65C3F39-776E-8579-A832-9062C8B865C3">
<hideElementsInCurrentOnly>false</hideElementsInCurrentOnly>
<lineWidth>1</lineWidth>
<points>
<point x="516" y="125"/>
<point x="516" y="203"/>
<point x="516" y="256"/>
</points>
</Connector>
<Connector class="oracle.dbtools.crest.swingui.logical.TVRelation" oid="A6FDEE03-1C36-99D3-0E8C-AD47DF277910" otype="Relation" vid_source="A65C3F39-776E-8579-A832-9062C8B865C3" vid_target="111936FE-5B7F-6953-B031-0778B5ECD548">
<hideElementsInCurrentOnly>false</hideElementsInCurrentOnly>
<lineWidth>1</lineWidth>
<points>
<point x="493" y="366"/>
<point x="493" y="439"/>
</points>
</Connector>
<Connector class="oracle.dbtools.crest.swingui.logical.TVRelation" oid="B5119532-69F7-2EA9-39E5-B8E73DF58FBF" otype="Relation" vid_source="5DCDE9D2-873D-93A6-1320-BFF80C3A8A7F" vid_target="E8ADC0B5-C483-AA32-8B7D-46F7E487B9A8">
<hideElementsInCurrentOnly>false</hideElementsInCurrentOnly>
<lineWidth>1</lineWidth>
<points>
<point x="753" y="369"/>
<point x="753" y="443"/>
</points>
</Connector>
<Connector class="oracle.dbtools.crest.swingui.logical.TVRelation" oid="B75E3C4A-E384-2E5A-CD5A-01F5EFD943EA" otype="Relation" vid_source="FBB1E079-F271-78CE-07AF-3C5CA40F82A0" vid_target="82E474BD-538D-BBEC-726E-6D8593061A03">
<hideElementsInCurrentOnly>false</hideElementsInCurrentOnly>
<lineWidth>1</lineWidth>
<points>
<point x="501" y="64"/>
<point x="437" y="64"/>
</points>
</Connector>
<Connector class="oracle.dbtools.crest.swingui.logical.TVRelation" oid="C75CFFFB-6522-3C4F-0290-0C77F12E02E7" otype="Relation" vid_source="FBB1E079-F271-78CE-07AF-3C5CA40F82A0" vid_target="A7B0C2EC-2EDF-BB20-7F65-AC5A66E594C3">
<hideElementsInCurrentOnly>false</hideElementsInCurrentOnly>
<lineWidth>1</lineWidth>
<points>
<point x="671" y="85"/>
<point x="901" y="85"/>
</points>
</Connector>
</connectors>
<arcs>
<Arc class="oracle.dbtools.crest.swingui.logical.TVArc" oid="FA5DF232-79E0-BDDE-7D5E-F98D880F2E0F" otype="Arc" vid="DA17536E-D974-A80A-5D37-C4CE3AFE2C92">
<hideElementsInCurrentOnly>false</hideElementsInCurrentOnly>
<bounds x="481" y="-5" width="210" height="150"/>
</Arc>
</arcs>
</Diagram>