<?xml version = '1.0' encoding = 'UTF-8'?>
<Entity class="oracle.dbtools.crest.model.design.logical.Entity" directorySegmentName="seg_0" id="31CF314C-7555-A59B-3B9C-930E147EA218" name="T_GCS_FORNECEDOR">
<createdBy>leti_</createdBy>
<createdTime>2017-08-20 16:30:48 UTC</createdTime>
<ownerDesignName>MODELO_GCS</ownerDesignName>
<engineerTo>
<item key="A70F4A34-A49A-1FCA-99C6-71CDED3A04EF" value="true"/>
</engineerTo>
<adequatelyNormalized>NO</adequatelyNormalized>
<expectedVolumes>0</expectedVolumes>
<fwdEngineeringStrategyName>Single Table</fwdEngineeringStrategyName>
<growthPercent>0</growthPercent>
<growthType>Year</growthType>
<maxVolumes>9999999</maxVolumes>
<minVolumes>0</minVolumes>
<normalForm>Third</normalForm>
<attributes itemClass="oracle.dbtools.crest.model.design.logical.Attribute">
<Attribute name="cd_fornecedor" id="0202C20B-6282-2789-0895-5AA35AA2ABF6">
<createdBy>logonrm</createdBy>
<createdTime>2017-08-22 16:36:24 UTC</createdTime>
<ownerDesignName>MODELO_GCS</ownerDesignName>
<engineerTo>
<item key="A70F4A34-A49A-1FCA-99C6-71CDED3A04EF" value="true"/>
</engineerTo>
<useDomainConstraints>false</useDomainConstraints>
<use>1</use>
<logicalDatatype>LOGDT019</logicalDatatype>
<dataTypePrecision>5</dataTypePrecision>
<ownDataTypeParameters>,5,</ownDataTypeParameters>
</Attribute>
<Attribute name="cd_pessoa" id="8624B2EF-6812-53A9-11A1-8C8A61B871D7">
<createdBy>logonrm</createdBy>
<createdTime>2017-08-24 16:38:51 UTC</createdTime>
<generatorID>B5119532-69F7-2EA9-39E5-B8E73DF58FBF</generatorID>
<ownerDesignName>MODELO_GCS</ownerDesignName>
<engineerTo>
<item key="A70F4A34-A49A-1FCA-99C6-71CDED3A04EF" value="true"/>
</engineerTo>
<referedAttribute>326F1238-8483-92D0-F2C4-5FB3D68C0EAD</referedAttribute>
<useDomainConstraints>false</useDomainConstraints>
<use>1</use>
<logicalDatatype>LOGDT019</logicalDatatype>
<dataTypePrecision>5</dataTypePrecision>
<ownDataTypeParameters>,,</ownDataTypeParameters>
</Attribute>
</attributes>
<identifiers itemClass="oracle.dbtools.crest.model.design.logical.CandidateKey">
<identifier id="68605ADE-D434-5B7C-882D-6CFFE890974E" name="T_GCS_FORNECEDOR PK">
<createdBy>logonrm</createdBy>
<createdTime>2017-08-22 16:36:43 UTC</createdTime>
<ownerDesignName>MODELO_GCS</ownerDesignName>
<engineerTo>
<item key="A70F4A34-A49A-1FCA-99C6-71CDED3A04EF" value="true"/>
</engineerTo>
<pk>true</pk>
<usedAttributes>
<attributeRef>0202C20B-6282-2789-0895-5AA35AA2ABF6</attributeRef>
</usedAttributes>
</identifier>
</identifiers>
</Entity>