<?xml version = '1.0' encoding = 'UTF-8'?>
<Entity class="oracle.dbtools.crest.model.design.logical.Entity" directorySegmentName="seg_0" id="3B96CB72-CF22-C055-5399-BF03C1E0BCB9" name="T_GCS_TIPO_TEL">
<createdBy>logonrm</createdBy>
<createdTime>2017-08-23 14:16:44 UTC</createdTime>
<ownerDesignName>MODELO_GCS</ownerDesignName>
<engineerTo>
<item key="A70F4A34-A49A-1FCA-99C6-71CDED3A04EF" value="true"/>
</engineerTo>
<adequatelyNormalized>NO</adequatelyNormalized>
<expectedVolumes>0</expectedVolumes>
<fwdEngineeringStrategyName>Single Table</fwdEngineeringStrategyName>
<growthPercent>0</growthPercent>
<growthType>Year</growthType>
<maxVolumes>9999999</maxVolumes>
<minVolumes>0</minVolumes>
<normalForm>Third</normalForm>
<attributes itemClass="oracle.dbtools.crest.model.design.logical.Attribute">
<Attribute name="cd_tipo_tel" id="1C42252C-A340-1DCB-081B-B7481A5567A2">
<createdBy>logonrm</createdBy>
<createdTime>2017-08-23 14:17:03 UTC</createdTime>
<ownerDesignName>MODELO_GCS</ownerDesignName>
<engineerTo>
<item key="A70F4A34-A49A-1FCA-99C6-71CDED3A04EF" value="true"/>
</engineerTo>
<useDomainConstraints>false</useDomainConstraints>
<use>1</use>
<logicalDatatype>LOGDT019</logicalDatatype>
<dataTypePrecision>5</dataTypePrecision>
<ownDataTypeParameters>,5,</ownDataTypeParameters>
</Attribute>
<Attribute name="ds_tipo_tel" id="00E81D92-5989-A27F-9CD7-E83DD4A3D2F5">
<createdBy>logonrm</createdBy>
<createdTime>2017-08-23 14:17:11 UTC</createdTime>
<ownerDesignName>MODELO_GCS</ownerDesignName>
<engineerTo>
<item key="A70F4A34-A49A-1FCA-99C6-71CDED3A04EF" value="true"/>
</engineerTo>
<useDomainConstraints>false</useDomainConstraints>
<use>1</use>
<logicalDatatype>LOGDT024</logicalDatatype>
<dataTypeSize>30</dataTypeSize>
<ownDataTypeParameters>30,,</ownDataTypeParameters>
</Attribute>
</attributes>
<identifiers itemClass="oracle.dbtools.crest.model.design.logical.CandidateKey">
<identifier id="9CBBAA8F-0E4F-E92F-E9CB-E4889F8A2A94" name="T_GCS_TIPO_TEL PK">
<createdBy>logonrm</createdBy>
<createdTime>2017-08-23 14:17:29 UTC</createdTime>
<ownerDesignName>MODELO_GCS</ownerDesignName>
<engineerTo>
<item key="A70F4A34-A49A-1FCA-99C6-71CDED3A04EF" value="true"/>
</engineerTo>
<pk>true</pk>
<usedAttributes>
<attributeRef>1C42252C-A340-1DCB-081B-B7481A5567A2</attributeRef>
</usedAttributes>
</identifier>
</identifiers>
</Entity>