<?xml version = '1.0' encoding = 'UTF-8'?>
<Entity class="oracle.dbtools.crest.model.design.logical.Entity" directorySegmentName="seg_0" id="87F34599-386F-6EE1-B86B-35A10C4CFBA7" name="T_GCS_PESSOAF">
<createdBy>logonrm</createdBy>
<createdTime>2017-08-22 16:30:49 UTC</createdTime>
<ownerDesignName>MODELO_GCS</ownerDesignName>
<engineerTo>
<item key="A70F4A34-A49A-1FCA-99C6-71CDED3A04EF" value="true"/>
</engineerTo>
<adequatelyNormalized>NO</adequatelyNormalized>
<expectedVolumes>0</expectedVolumes>
<fwdEngineeringStrategyName>Single Table</fwdEngineeringStrategyName>
<growthPercent>0</growthPercent>
<growthType>Year</growthType>
<maxVolumes>9999999</maxVolumes>
<minVolumes>0</minVolumes>
<normalForm>Third</normalForm>
<attributes itemClass="oracle.dbtools.crest.model.design.logical.Attribute">
<Attribute name="cd_pessoa" id="1F80A8BA-8DC0-094E-8281-AB1C45BE0513">
<createdBy>logonrm</createdBy>
<createdTime>2017-08-24 16:34:26 UTC</createdTime>
<generatorID>92A5FC06-BECD-7646-EE1D-B5C502694C98</generatorID>
<ownerDesignName>MODELO_GCS</ownerDesignName>
<engineerTo>
<item key="A70F4A34-A49A-1FCA-99C6-71CDED3A04EF" value="true"/>
</engineerTo>
<referedAttribute>F9B6F82C-7EAD-3750-A02C-742461CD81B5</referedAttribute>
<useDomainConstraints>false</useDomainConstraints>
<use>1</use>
<logicalDatatype>LOGDT019</logicalDatatype>
<dataTypePrecision>5</dataTypePrecision>
<ownDataTypeParameters>,,</ownDataTypeParameters>
</Attribute>
<Attribute name="nr_rg" id="95F41EFB-270B-E868-774A-A870637F3952">
<createdBy>logonrm</createdBy>
<createdTime>2017-08-22 16:31:44 UTC</createdTime>
<ownerDesignName>MODELO_GCS</ownerDesignName>
<engineerTo>
<item key="A70F4A34-A49A-1FCA-99C6-71CDED3A04EF" value="true"/>
</engineerTo>
<useDomainConstraints>false</useDomainConstraints>
<use>1</use>
<logicalDatatype>LOGDT019</logicalDatatype>
<dataTypePrecision>8</dataTypePrecision>
<dataTypeScale>1</dataTypeScale>
<ownDataTypeParameters>,8,1</ownDataTypeParameters>
</Attribute>
<Attribute name="nr_cpf" id="AD75E2D5-E964-4D7D-7FD1-6138FC3AF4F7">
<createdBy>logonrm</createdBy>
<createdTime>2017-08-22 16:31:54 UTC</createdTime>
<ownerDesignName>MODELO_GCS</ownerDesignName>
<engineerTo>
<item key="A70F4A34-A49A-1FCA-99C6-71CDED3A04EF" value="true"/>
</engineerTo>
<useDomainConstraints>false</useDomainConstraints>
<use>1</use>
<logicalDatatype>LOGDT019</logicalDatatype>
<dataTypePrecision>9</dataTypePrecision>
<dataTypeScale>2</dataTypeScale>
<ownDataTypeParameters>,9,2</ownDataTypeParameters>
</Attribute>
<Attribute name="dt_nascimento" id="CE49F60F-CC1C-0694-235B-D2AC9DD62D06">
<createdBy>logonrm</createdBy>
<createdTime>2017-08-22 16:32:12 UTC</createdTime>
<ownerDesignName>MODELO_GCS</ownerDesignName>
<engineerTo>
<item key="A70F4A34-A49A-1FCA-99C6-71CDED3A04EF" value="true"/>
</engineerTo>
<nullsAllowed>true</nullsAllowed>
<useDomainConstraints>false</useDomainConstraints>
<use>1</use>
<logicalDatatype>LOGDT007</logicalDatatype>
<ownDataTypeParameters>,,</ownDataTypeParameters>
</Attribute>
</attributes>
<identifiers itemClass="oracle.dbtools.crest.model.design.logical.CandidateKey">
<identifier id="E3B15AEB-C54F-D70B-542E-6C3A3E277A67" name="T_GCS_PESSOAF PK">
<createdBy>logonrm</createdBy>
<createdTime>2017-08-24 16:34:32 UTC</createdTime>
<ownerDesignName>MODELO_GCS</ownerDesignName>
<engineerTo>
<item key="A70F4A34-A49A-1FCA-99C6-71CDED3A04EF" value="true"/>
</engineerTo>
<pk>true</pk>
<usedAttributes>
<attributeRef>1F80A8BA-8DC0-094E-8281-AB1C45BE0513</attributeRef>
</usedAttributes>
</identifier>
</identifiers>
</Entity>