<?xml version = '1.0' encoding = 'UTF-8'?>
<Entity class="oracle.dbtools.crest.model.design.logical.Entity" directorySegmentName="seg_0" id="A5788371-BDEE-D0F8-B86D-628784588F4F" name="T_GCS_USUARIO">
<createdBy>leti_</createdBy>
<createdTime>2017-08-20 16:32:47 UTC</createdTime>
<ownerDesignName>MODELO_GCS</ownerDesignName>
<engineerTo>
<item key="A70F4A34-A49A-1FCA-99C6-71CDED3A04EF" value="true"/>
</engineerTo>
<adequatelyNormalized>NO</adequatelyNormalized>
<expectedVolumes>0</expectedVolumes>
<fwdEngineeringStrategyName>Single Table</fwdEngineeringStrategyName>
<growthPercent>0</growthPercent>
<growthType>Year</growthType>
<maxVolumes>9999999</maxVolumes>
<minVolumes>0</minVolumes>
<normalForm>Third</normalForm>
<attributes itemClass="oracle.dbtools.crest.model.design.logical.Attribute">
<Attribute name="cd_usuario" id="2F1DB254-95CB-434D-B3FE-6AC6CED40416">
<createdBy>logonrm</createdBy>
<createdTime>2017-08-22 16:34:28 UTC</createdTime>
<ownerDesignName>MODELO_GCS</ownerDesignName>
<engineerTo>
<item key="A70F4A34-A49A-1FCA-99C6-71CDED3A04EF" value="true"/>
</engineerTo>
<useDomainConstraints>false</useDomainConstraints>
<use>1</use>
<logicalDatatype>LOGDT019</logicalDatatype>
<dataTypePrecision>5</dataTypePrecision>
<ownDataTypeParameters>,5,</ownDataTypeParameters>
</Attribute>
<Attribute name="cd_pessoa" id="94BE5F4E-6612-57BE-6440-9E54B3048736">
<createdBy>logonrm</createdBy>
<createdTime>2017-08-24 16:38:32 UTC</createdTime>
<generatorID>A6FDEE03-1C36-99D3-0E8C-AD47DF277910</generatorID>
<ownerDesignName>MODELO_GCS</ownerDesignName>
<engineerTo>
<item key="A70F4A34-A49A-1FCA-99C6-71CDED3A04EF" value="true"/>
</engineerTo>
<referedAttribute>1F80A8BA-8DC0-094E-8281-AB1C45BE0513</referedAttribute>
<useDomainConstraints>false</useDomainConstraints>
<use>1</use>
<logicalDatatype>LOGDT019</logicalDatatype>
<dataTypePrecision>5</dataTypePrecision>
<ownDataTypeParameters>,,</ownDataTypeParameters>
</Attribute>
</attributes>
<identifiers itemClass="oracle.dbtools.crest.model.design.logical.CandidateKey">
<identifier id="016520F4-441F-5AD0-B808-FE7F2234C563" name="T_GCS_USUARIO PK">
<createdBy>logonrm</createdBy>
<createdTime>2017-08-22 16:34:38 UTC</createdTime>
<ownerDesignName>MODELO_GCS</ownerDesignName>
<engineerTo>
<item key="A70F4A34-A49A-1FCA-99C6-71CDED3A04EF" value="true"/>
</engineerTo>
<pk>true</pk>
<usedAttributes>
<attributeRef>2F1DB254-95CB-434D-B3FE-6AC6CED40416</attributeRef>
</usedAttributes>
</identifier>
</identifiers>
</Entity>