<?xml version = '1.0' encoding = 'UTF-8'?>
<Entity class="oracle.dbtools.crest.model.design.logical.Entity" directorySegmentName="seg_0" id="BA21BDF9-7C8B-10AA-E376-9997D1564CB8" name="T_GCS_ENDERECO">
<createdBy>logonrm</createdBy>
<createdTime>2017-08-22 16:48:23 UTC</createdTime>
<ownerDesignName>MODELO_GCS</ownerDesignName>
<engineerTo>
<item key="A70F4A34-A49A-1FCA-99C6-71CDED3A04EF" value="true"/>
</engineerTo>
<adequatelyNormalized>NO</adequatelyNormalized>
<expectedVolumes>0</expectedVolumes>
<fwdEngineeringStrategyName>Single Table</fwdEngineeringStrategyName>
<growthPercent>0</growthPercent>
<growthType>Year</growthType>
<maxVolumes>9999999</maxVolumes>
<minVolumes>0</minVolumes>
<normalForm>Third</normalForm>
<attributes itemClass="oracle.dbtools.crest.model.design.logical.Attribute">
<Attribute name="nr_cep" id="FA4CBF14-CD46-C0D2-52AB-DD14463FCD65">
<createdBy>logonrm</createdBy>
<createdTime>2017-08-22 16:51:32 UTC</createdTime>
<ownerDesignName>MODELO_GCS</ownerDesignName>
<engineerTo>
<item key="A70F4A34-A49A-1FCA-99C6-71CDED3A04EF" value="true"/>
</engineerTo>
<useDomainConstraints>false</useDomainConstraints>
<use>1</use>
<logicalDatatype>LOGDT019</logicalDatatype>
<dataTypePrecision>5</dataTypePrecision>
<dataTypeScale>3</dataTypeScale>
<ownDataTypeParameters>,5,3</ownDataTypeParameters>
</Attribute>
<Attribute name="ds_endereco" id="B9E8EAD5-EA7F-1274-CBF2-E6525FC9E511">
<createdBy>logonrm</createdBy>
<createdTime>2017-08-22 16:51:16 UTC</createdTime>
<ownerDesignName>MODELO_GCS</ownerDesignName>
<engineerTo>
<item key="A70F4A34-A49A-1FCA-99C6-71CDED3A04EF" value="true"/>
</engineerTo>
<useDomainConstraints>false</useDomainConstraints>
<use>1</use>
<logicalDatatype>LOGDT024</logicalDatatype>
<dataTypeSize>20</dataTypeSize>
<ownDataTypeParameters>20,,</ownDataTypeParameters>
</Attribute>
<Attribute name="nr_endereco" id="E53AD780-58C8-714D-D7E2-C6DEFD876EEE">
<createdBy>logonrm</createdBy>
<createdTime>2017-08-24 16:30:23 UTC</createdTime>
<ownerDesignName>MODELO_GCS</ownerDesignName>
<engineerTo>
<item key="A70F4A34-A49A-1FCA-99C6-71CDED3A04EF" value="true"/>
</engineerTo>
<useDomainConstraints>false</useDomainConstraints>
<use>1</use>
<logicalDatatype>LOGDT019</logicalDatatype>
<dataTypePrecision>4</dataTypePrecision>
<ownDataTypeParameters>,4,</ownDataTypeParameters>
</Attribute>
<Attribute name="cd_pessoa" id="75BCEF97-B176-2F51-1C14-FE7541A78882">
<createdBy>logonrm</createdBy>
<createdTime>2017-08-24 17:22:40 UTC</createdTime>
<generatorID>B75E3C4A-E384-2E5A-CD5A-01F5EFD943EA</generatorID>
<ownerDesignName>MODELO_GCS</ownerDesignName>
<engineerTo>
<item key="A70F4A34-A49A-1FCA-99C6-71CDED3A04EF" value="true"/>
</engineerTo>
<referedAttribute>F9B6F82C-7EAD-3750-A02C-742461CD81B5</referedAttribute>
<useDomainConstraints>false</useDomainConstraints>
<use>1</use>
<logicalDatatype>LOGDT019</logicalDatatype>
<dataTypePrecision>5</dataTypePrecision>
<ownDataTypeParameters>,,</ownDataTypeParameters>
</Attribute>
</attributes>
<identifiers itemClass="oracle.dbtools.crest.model.design.logical.CandidateKey">
<identifier id="0C3DD54C-75EF-7FAE-A8D3-28B50A65F463" name="T_GCS_ENDERECO PK">
<createdBy>logonrm</createdBy>
<createdTime>2017-08-22 16:52:16 UTC</createdTime>
<ownerDesignName>MODELO_GCS</ownerDesignName>
<engineerTo>
<item key="A70F4A34-A49A-1FCA-99C6-71CDED3A04EF" value="true"/>
</engineerTo>
<pk>true</pk>
<usedAttributes>
<attributeRef>FA4CBF14-CD46-C0D2-52AB-DD14463FCD65</attributeRef>
</usedAttributes>
</identifier>
</identifiers>
</Entity>