<?xml version = '1.0' encoding = 'UTF-8'?>
<Entity class="oracle.dbtools.crest.model.design.logical.Entity" directorySegmentName="seg_0" id="BD1A465E-FC4E-3289-C5CC-0C39473C7C3B" name="T_GCS_TELEFONE">
<createdBy>logonrm</createdBy>
<createdTime>2017-08-22 16:45:23 UTC</createdTime>
<ownerDesignName>MODELO_GCS</ownerDesignName>
<engineerTo>
<item key="A70F4A34-A49A-1FCA-99C6-71CDED3A04EF" value="true"/>
</engineerTo>
<adequatelyNormalized>NO</adequatelyNormalized>
<expectedVolumes>0</expectedVolumes>
<fwdEngineeringStrategyName>Single Table</fwdEngineeringStrategyName>
<growthPercent>0</growthPercent>
<growthType>Year</growthType>
<maxVolumes>9999999</maxVolumes>
<minVolumes>0</minVolumes>
<normalForm>Third</normalForm>
<attributes itemClass="oracle.dbtools.crest.model.design.logical.Attribute">
<Attribute name="cd_telefone" id="6DA16793-E6B9-15FA-4C41-6723A81927BA">
<createdBy>logonrm</createdBy>
<createdTime>2017-08-22 16:47:47 UTC</createdTime>
<ownerDesignName>MODELO_GCS</ownerDesignName>
<engineerTo>
<item key="A70F4A34-A49A-1FCA-99C6-71CDED3A04EF" value="true"/>
</engineerTo>
<useDomainConstraints>false</useDomainConstraints>
<use>1</use>
<logicalDatatype>LOGDT019</logicalDatatype>
<dataTypePrecision>5</dataTypePrecision>
<ownDataTypeParameters>,5,</ownDataTypeParameters>
</Attribute>
<Attribute name="cd_pessoa" id="09EC8E17-B38B-080D-41B8-2A74B44E5191">
<createdBy>logonrm</createdBy>
<createdTime>2017-08-24 17:05:03 UTC</createdTime>
<generatorID>C75CFFFB-6522-3C4F-0290-0C77F12E02E7</generatorID>
<ownerDesignName>MODELO_GCS</ownerDesignName>
<engineerTo>
<item key="A70F4A34-A49A-1FCA-99C6-71CDED3A04EF" value="true"/>
</engineerTo>
<nullsAllowed>true</nullsAllowed>
<referedAttribute>F9B6F82C-7EAD-3750-A02C-742461CD81B5</referedAttribute>
<useDomainConstraints>false</useDomainConstraints>
<use>1</use>
<logicalDatatype>LOGDT019</logicalDatatype>
<dataTypePrecision>5</dataTypePrecision>
<ownDataTypeParameters>,,</ownDataTypeParameters>
</Attribute>
<Attribute name="nr_ddd" id="D5809A63-AAF5-9B3C-E4B2-70649D631045">
<createdBy>logonrm</createdBy>
<createdTime>2017-08-22 16:47:14 UTC</createdTime>
<ownerDesignName>MODELO_GCS</ownerDesignName>
<engineerTo>
<item key="A70F4A34-A49A-1FCA-99C6-71CDED3A04EF" value="true"/>
</engineerTo>
<useDomainConstraints>false</useDomainConstraints>
<use>1</use>
<logicalDatatype>LOGDT019</logicalDatatype>
<dataTypePrecision>2</dataTypePrecision>
<ownDataTypeParameters>,2,</ownDataTypeParameters>
</Attribute>
<Attribute name="nr_telefone" id="D0DBB6EE-77EE-E27C-8FB8-305EF2310CC0">
<createdBy>logonrm</createdBy>
<createdTime>2017-08-22 16:47:25 UTC</createdTime>
<ownerDesignName>MODELO_GCS</ownerDesignName>
<engineerTo>
<item key="A70F4A34-A49A-1FCA-99C6-71CDED3A04EF" value="true"/>
</engineerTo>
<useDomainConstraints>false</useDomainConstraints>
<use>1</use>
<logicalDatatype>LOGDT019</logicalDatatype>
<dataTypePrecision>9</dataTypePrecision>
<ownDataTypeParameters>,9,</ownDataTypeParameters>
</Attribute>
<Attribute name="cd_tipo_tel" id="B9D392E6-3127-CBCC-2E21-EEC6AAD96F5F">
<createdBy>logonrm</createdBy>
<createdTime>2017-08-24 17:27:08 UTC</createdTime>
<generatorID>599E4D00-792B-6CBD-EDCE-C7A2E103502F</generatorID>
<ownerDesignName>MODELO_GCS</ownerDesignName>
<engineerTo>
<item key="A70F4A34-A49A-1FCA-99C6-71CDED3A04EF" value="true"/>
</engineerTo>
<referedAttribute>1C42252C-A340-1DCB-081B-B7481A5567A2</referedAttribute>
<useDomainConstraints>false</useDomainConstraints>
<use>1</use>
<logicalDatatype>LOGDT019</logicalDatatype>
<dataTypePrecision>5</dataTypePrecision>
<ownDataTypeParameters>,,</ownDataTypeParameters>
</Attribute>
</attributes>
<identifiers itemClass="oracle.dbtools.crest.model.design.logical.CandidateKey">
<identifier id="A012697B-711E-61BD-979D-B67A7B9EF949" name="T_GCS_TELEFONE PK">
<createdBy>logonrm</createdBy>
<createdTime>2017-08-22 16:48:08 UTC</createdTime>
<ownerDesignName>MODELO_GCS</ownerDesignName>
<engineerTo>
<item key="A70F4A34-A49A-1FCA-99C6-71CDED3A04EF" value="true"/>
</engineerTo>
<pk>true</pk>
<usedAttributes>
<attributeRef>6DA16793-E6B9-15FA-4C41-6723A81927BA</attributeRef>
</usedAttributes>
</identifier>
</identifiers>
</Entity>