<?xml version = '1.0' encoding = 'UTF-8'?>
<Entity class="oracle.dbtools.crest.model.design.logical.Entity" directorySegmentName="seg_0" id="EC350CB5-86DD-3950-378B-74C50AA2D8F2" name="T_GCS_ESTOQUE">
<createdBy>logonrm</createdBy>
<createdTime>2017-08-22 17:12:28 UTC</createdTime>
<ownerDesignName>MODELO_GCS</ownerDesignName>
<engineerTo>
<item key="A70F4A34-A49A-1FCA-99C6-71CDED3A04EF" value="true"/>
</engineerTo>
<adequatelyNormalized>NO</adequatelyNormalized>
<expectedVolumes>0</expectedVolumes>
<fwdEngineeringStrategyName>Single Table</fwdEngineeringStrategyName>
<growthPercent>0</growthPercent>
<growthType>Year</growthType>
<maxVolumes>9999999</maxVolumes>
<minVolumes>0</minVolumes>
<normalForm>Third</normalForm>
<attributes itemClass="oracle.dbtools.crest.model.design.logical.Attribute">
<Attribute name="cd_estoque" id="BBD43FA8-2515-5234-50EE-EFD591209195">
<createdBy>logonrm</createdBy>
<createdTime>2017-08-22 17:13:02 UTC</createdTime>
<ownerDesignName>MODELO_GCS</ownerDesignName>
<engineerTo>
<item key="A70F4A34-A49A-1FCA-99C6-71CDED3A04EF" value="true"/>
</engineerTo>
<useDomainConstraints>false</useDomainConstraints>
<use>1</use>
<logicalDatatype>LOGDT019</logicalDatatype>
<dataTypePrecision>5</dataTypePrecision>
<ownDataTypeParameters>,5,</ownDataTypeParameters>
</Attribute>
<Attribute name="qt_estoque" id="B0950C08-7D77-53B6-23D1-3EE273D37AFB">
<createdBy>logonrm</createdBy>
<createdTime>2017-08-22 17:14:36 UTC</createdTime>
<ownerDesignName>MODELO_GCS</ownerDesignName>
<engineerTo>
<item key="A70F4A34-A49A-1FCA-99C6-71CDED3A04EF" value="true"/>
</engineerTo>
<useDomainConstraints>false</useDomainConstraints>
<use>1</use>
<logicalDatatype>LOGDT019</logicalDatatype>
<dataTypePrecision>8</dataTypePrecision>
<ownDataTypeParameters>,8,</ownDataTypeParameters>
</Attribute>
</attributes>
<identifiers itemClass="oracle.dbtools.crest.model.design.logical.CandidateKey">
<identifier id="9A9C7370-B690-423A-1CD2-73A7558E69E3" name="T_GCS_ESTOQUE PK">
<createdBy>logonrm</createdBy>
<createdTime>2017-08-22 17:15:59 UTC</createdTime>
<ownerDesignName>MODELO_GCS</ownerDesignName>
<engineerTo>
<item key="A70F4A34-A49A-1FCA-99C6-71CDED3A04EF" value="true"/>
</engineerTo>
<pk>true</pk>
<usedAttributes>
<attributeRef>BBD43FA8-2515-5234-50EE-EFD591209195</attributeRef>
</usedAttributes>
</identifier>
</identifiers>
</Entity>