<?xml version = '1.0' encoding = 'UTF-8'?>
<Entity class="oracle.dbtools.crest.model.design.logical.Entity" directorySegmentName="seg_0" id="FB61ADA9-600A-D186-22D3-2861C9040317" name="T_GCS_PESSOA">
<createdBy>leti_</createdBy>
<createdTime>2017-08-21 19:06:43 UTC</createdTime>
<ownerDesignName>MODELO_GCS</ownerDesignName>
<engineerTo>
<item key="A70F4A34-A49A-1FCA-99C6-71CDED3A04EF" value="true"/>
</engineerTo>
<adequatelyNormalized>NO</adequatelyNormalized>
<expectedVolumes>0</expectedVolumes>
<fwdEngineeringStrategyName>Single Table</fwdEngineeringStrategyName>
<growthPercent>0</growthPercent>
<growthType>Year</growthType>
<maxVolumes>9999999</maxVolumes>
<minVolumes>0</minVolumes>
<normalForm>Third</normalForm>
<attributes itemClass="oracle.dbtools.crest.model.design.logical.Attribute">
<Attribute name="cd_pessoa" id="F9B6F82C-7EAD-3750-A02C-742461CD81B5">
<createdBy>leti_</createdBy>
<createdTime>2017-08-21 19:09:18 UTC</createdTime>
<ownerDesignName>MODELO_GCS</ownerDesignName>
<engineerTo>
<item key="A70F4A34-A49A-1FCA-99C6-71CDED3A04EF" value="true"/>
</engineerTo>
<useDomainConstraints>false</useDomainConstraints>
<use>1</use>
<logicalDatatype>LOGDT019</logicalDatatype>
<dataTypePrecision>5</dataTypePrecision>
<ownDataTypeParameters>,5,</ownDataTypeParameters>
</Attribute>
<Attribute name="ds_email" id="B1AE3563-9536-9B12-DBCF-CECF698D8B36">
<createdBy>leti_</createdBy>
<createdTime>2017-08-21 19:09:45 UTC</createdTime>
<ownerDesignName>MODELO_GCS</ownerDesignName>
<engineerTo>
<item key="A70F4A34-A49A-1FCA-99C6-71CDED3A04EF" value="true"/>
</engineerTo>
<nullsAllowed>true</nullsAllowed>
<useDomainConstraints>false</useDomainConstraints>
<use>1</use>
<logicalDatatype>LOGDT024</logicalDatatype>
<dataTypeSize>30</dataTypeSize>
<ownDataTypeParameters>30,,</ownDataTypeParameters>
</Attribute>
</attributes>
<identifiers itemClass="oracle.dbtools.crest.model.design.logical.CandidateKey">
<identifier id="3FECE12B-5012-8762-660E-4E120121A901" name="T_GCS_PESSOA PK">
<createdBy>leti_</createdBy>
<createdTime>2017-08-21 19:10:53 UTC</createdTime>
<ownerDesignName>MODELO_GCS</ownerDesignName>
<engineerTo>
<item key="A70F4A34-A49A-1FCA-99C6-71CDED3A04EF" value="true"/>
</engineerTo>
<pk>true</pk>
<usedAttributes>
<attributeRef>F9B6F82C-7EAD-3750-A02C-742461CD81B5</attributeRef>
</usedAttributes>
</identifier>
</identifiers>
</Entity>