<?xml version = '1.0' encoding = 'UTF-8'?>
<Relation class="oracle.dbtools.crest.model.design.logical.Relation" name="Relation_5" directorySegmentName="seg_0" id="0A6DE10B-0FEF-9864-B5AC-CEF75CACBA38">
<createdBy>logonrm</createdBy>
<createdTime>2017-08-24 16:35:24 UTC</createdTime>
<ownerDesignName>MODELO_GCS</ownerDesignName>
<engineerTo>
<item key="A70F4A34-A49A-1FCA-99C6-71CDED3A04EF" value="true"/>
</engineerTo>
<sourcePk>3FECE12B-5012-8762-660E-4E120121A901</sourcePk>
<arc>FA5DF232-79E0-BDDE-7D5E-F98D880F2E0F</arc>
<identifying>true</identifying>
<optionalSource>true</optionalSource>
<optionalTarget>false</optionalTarget>
<sourceCardinality>1</sourceCardinality>
<sourceEntity>FB61ADA9-600A-D186-22D3-2861C9040317</sourceEntity>
<targetCardinalityString>1</targetCardinalityString>
<targetEntity>73635CD2-45BC-6FD8-CB15-04885935F71E</targetEntity>
<transferable>true</transferable>
<deleteRule>NO ACTION</deleteRule>
</Relation>