<?xml version = '1.0' encoding = 'UTF-8'?>
<Relation class="oracle.dbtools.crest.model.design.logical.Relation" name="Relation_13" directorySegmentName="seg_0" id="599E4D00-792B-6CBD-EDCE-C7A2E103502F">
<createdBy>logonrm</createdBy>
<createdTime>2017-08-24 17:27:08 UTC</createdTime>
<ownerDesignName>MODELO_GCS</ownerDesignName>
<engineerTo>
<item key="A70F4A34-A49A-1FCA-99C6-71CDED3A04EF" value="true"/>
</engineerTo>
<sourcePk>9CBBAA8F-0E4F-E92F-E9CB-E4889F8A2A94</sourcePk>
<identifying>false</identifying>
<optionalSource>true</optionalSource>
<optionalTarget>false</optionalTarget>
<sourceCardinality>1</sourceCardinality>
<sourceEntity>3B96CB72-CF22-C055-5399-BF03C1E0BCB9</sourceEntity>
<targetCardinalityString>*</targetCardinalityString>
<targetEntity>BD1A465E-FC4E-3289-C5CC-0C39473C7C3B</targetEntity>
<transferable>true</transferable>
<deleteRule>NO ACTION</deleteRule>
</Relation>