<?xml version = '1.0' encoding = 'UTF-8'?>
<Relation class="oracle.dbtools.crest.model.design.logical.Relation" name="Relation_9" directorySegmentName="seg_0" id="A6FDEE03-1C36-99D3-0E8C-AD47DF277910">
<createdBy>logonrm</createdBy>
<createdTime>2017-08-24 16:38:32 UTC</createdTime>
<ownerDesignName>MODELO_GCS</ownerDesignName>
<engineerTo>
<item key="A70F4A34-A49A-1FCA-99C6-71CDED3A04EF" value="true"/>
</engineerTo>
<sourcePk>E3B15AEB-C54F-D70B-542E-6C3A3E277A67</sourcePk>
<identifying>false</identifying>
<optionalSource>true</optionalSource>
<optionalTarget>false</optionalTarget>
<sourceCardinality>1</sourceCardinality>
<sourceEntity>87F34599-386F-6EE1-B86B-35A10C4CFBA7</sourceEntity>
<targetCardinalityString>1</targetCardinalityString>
<targetEntity>A5788371-BDEE-D0F8-B86D-628784588F4F</targetEntity>
<transferable>true</transferable>
<deleteRule>NO ACTION</deleteRule>
</Relation>