<?xml version = '1.0' encoding = 'UTF-8'?>
<Relation class="oracle.dbtools.crest.model.design.logical.Relation" name="Relation_10" directorySegmentName="seg_0" id="B5119532-69F7-2EA9-39E5-B8E73DF58FBF">
<createdBy>logonrm</createdBy>
<createdTime>2017-08-24 16:38:51 UTC</createdTime>
<ownerDesignName>MODELO_GCS</ownerDesignName>
<engineerTo>
<item key="A70F4A34-A49A-1FCA-99C6-71CDED3A04EF" value="true"/>
</engineerTo>
<sourcePk>B2330A4F-4A09-6B5F-80B7-031F5863EC30</sourcePk>
<identifying>false</identifying>
<optionalSource>true</optionalSource>
<optionalTarget>false</optionalTarget>
<sourceCardinality>1</sourceCardinality>
<sourceEntity>73635CD2-45BC-6FD8-CB15-04885935F71E</sourceEntity>
<targetCardinalityString>1</targetCardinalityString>
<targetEntity>31CF314C-7555-A59B-3B9C-930E147EA218</targetEntity>
<transferable>true</transferable>
<deleteRule>NO ACTION</deleteRule>
</Relation>