<?xml version = '1.0' encoding = 'UTF-8'?>
<Relation class="oracle.dbtools.crest.model.design.logical.Relation" name="Relation_12" directorySegmentName="seg_0" id="B75E3C4A-E384-2E5A-CD5A-01F5EFD943EA">
<createdBy>logonrm</createdBy>
<createdTime>2017-08-24 17:22:40 UTC</createdTime>
<ownerDesignName>MODELO_GCS</ownerDesignName>
<engineerTo>
<item key="A70F4A34-A49A-1FCA-99C6-71CDED3A04EF" value="true"/>
</engineerTo>
<sourcePk>3FECE12B-5012-8762-660E-4E120121A901</sourcePk>
<identifying>false</identifying>
<optionalSource>true</optionalSource>
<optionalTarget>false</optionalTarget>
<sourceCardinality>1</sourceCardinality>
<sourceEntity>FB61ADA9-600A-D186-22D3-2861C9040317</sourceEntity>
<targetCardinalityString>*</targetCardinalityString>
<targetEntity>BA21BDF9-7C8B-10AA-E376-9997D1564CB8</targetEntity>
<transferable>true</transferable>
<deleteRule>NO ACTION</deleteRule>
</Relation>