<?xml version = '1.0' encoding = 'UTF-8'?>
<Relation class="oracle.dbtools.crest.model.design.logical.Relation" name="Relation_11" directorySegmentName="seg_0" id="C75CFFFB-6522-3C4F-0290-0C77F12E02E7">
<createdBy>logonrm</createdBy>
<createdTime>2017-08-24 17:05:03 UTC</createdTime>
<ownerDesignName>MODELO_GCS</ownerDesignName>
<engineerTo>
<item key="A70F4A34-A49A-1FCA-99C6-71CDED3A04EF" value="true"/>
</engineerTo>
<sourcePk>3FECE12B-5012-8762-660E-4E120121A901</sourcePk>
<identifying>false</identifying>
<optionalSource>false</optionalSource>
<optionalTarget>true</optionalTarget>
<sourceCardinality>1</sourceCardinality>
<sourceEntity>FB61ADA9-600A-D186-22D3-2861C9040317</sourceEntity>
<targetCardinalityString>*</targetCardinalityString>
<targetEntity>BD1A465E-FC4E-3289-C5CC-0C39473C7C3B</targetEntity>
<transferable>true</transferable>
<deleteRule>NO ACTION</deleteRule>
</Relation>