<?xml version = '1.0' encoding = 'UTF-8'?>
<Arc class="oracle.dbtools.crest.model.design.logical.Arc" directorySegmentName="seg_0" id="7E345E77-F7AA-5C04-FBF8-7044536394D1" name="Arc_1">
<createdBy>Mayara</createdBy>
<createdTime>2017-08-27 17:38:19 UTC</createdTime>
<ownerDesignName>T_GCS_MODELO_LOGICO</ownerDesignName>
<engineerTo>
<item key="4187EF75-08CD-0AE7-B519-2E83656F30DE" value="true"/>
</engineerTo>
<entity>14FFC97C-D873-8336-5EFA-D3C4828BA1F9</entity>
<relations>
<relationID>AE2C2BF5-7CBD-C31F-5084-CB4F7CCA571F</relationID>
<relationID>10E85810-7D46-4776-6033-D0B4335848BA</relationID>
</relations>
</Arc>