<?xml version = '1.0' encoding = 'UTF-8'?>
<relationalModel class="oracle.dbtools.crest.model.design.relational.RelationalDesign" name="Relational_1" id="4187EF75-08CD-0AE7-B519-2E83656F30DE" mainViewID="427F0DA4-D3D8-5648-2523-559390310909">
<createdBy>logonrm</createdBy>
<createdTime>2017-09-13 14:49:50 UTC</createdTime>
<ownerDesignName>1TDSJ_2017_MMEDL_MODELO</ownerDesignName>
<shouldBeOpen>true</shouldBeOpen>
<selectedRDBMSSite>32076570-2523-435C-2E92-BF29817DFF70</selectedRDBMSSite>
</relationalModel>