<?xml version = '1.0' encoding = 'UTF-8'?>
<Arc class="oracle.dbtools.crest.model.design.logical.Arc" directorySegmentName="seg_0" id="FA5DF232-79E0-BDDE-7D5E-F98D880F2E0F" name="Arc_1">
<createdBy>logonrm</createdBy>
<createdTime>2017-08-24 16:36:22 UTC</createdTime>
<ownerDesignName>MODELO_GCS</ownerDesignName>
<engineerTo>
<item key="A70F4A34-A49A-1FCA-99C6-71CDED3A04EF" value="true"/>
</engineerTo>
<entity>FB61ADA9-600A-D186-22D3-2861C9040317</entity>
<relations>
<relationID>92A5FC06-BECD-7646-EE1D-B5C502694C98</relationID>
<relationID>0A6DE10B-0FEF-9864-B5AC-CEF75CACBA38</relationID>
</relations>
</Arc>