<?xml version = '1.0' encoding = 'UTF-8'?>
<Relation class="oracle.dbtools.crest.model.design.logical.Relation" name="Relation_59" directorySegmentName="seg_0" id="00C240BC-98DB-A4C8-7D10-DD378B07C724">
<createdBy>logonrm</createdBy>
<createdTime>2017-09-18 12:44:13 UTC</createdTime>
<ownerDesignName>1TDSJ_2017_MMEDL_MODELO</ownerDesignName>
<engineerTo>
<item key="4187EF75-08CD-0AE7-B519-2E83656F30DE" value="true"/>
</engineerTo>
<sourcePk>E84C901C-E766-23F5-0F58-B1731DEC1DB1</sourcePk>
<identifying>false</identifying>
<optionalSource>true</optionalSource>
<optionalTarget>false</optionalTarget>
<sourceCardinality>1</sourceCardinality>
<sourceEntity>F8AC4887-2E90-1289-8DDD-C30B874EC357</sourceEntity>
<targetCardinalityString>*</targetCardinalityString>
<targetEntity>55D46DD5-942B-1C71-C73B-3D04428B761F</targetEntity>
<transferable>true</transferable>
<deleteRule>NO ACTION</deleteRule>
</Relation>