<?xml version = '1.0' encoding = 'UTF-8'?>
<Relation class="oracle.dbtools.crest.model.design.logical.Relation" name="Relation_4" directorySegmentName="seg_0" id="04057492-C048-779B-BD93-262D613A9CF6">
<createdBy>Mayara</createdBy>
<createdTime>2017-08-27 17:27:45 UTC</createdTime>
<ownerDesignName>1TDSJ_2017_MMEDL_MODELO</ownerDesignName>
<engineerTo>
<item key="4187EF75-08CD-0AE7-B519-2E83656F30DE" value="true"/>
</engineerTo>
<sourcePk>FDF81C63-C036-05B6-8957-C06F681D9C1C</sourcePk>
<identifying>true</identifying>
<optionalSource>true</optionalSource>
<optionalTarget>false</optionalTarget>
<sourceCardinality>1</sourceCardinality>
<sourceEntity>46F81FD7-AD19-1CBC-D2BD-F4417112F449</sourceEntity>
<targetCardinalityString>*</targetCardinalityString>
<targetEntity>6887FCF8-4B36-580F-F796-F354DAA2143E</targetEntity>
<transferable>true</transferable>
<deleteRule>NO ACTION</deleteRule>
</Relation>