<?xml version = '1.0' encoding = 'UTF-8'?>
<Relation class="oracle.dbtools.crest.model.design.logical.Relation" name="Relation_44" directorySegmentName="seg_0" id="05056CFB-12AA-7E20-7D7B-CB5B8FBCCBE1">
<createdBy>logonrm</createdBy>
<createdTime>2017-09-13 14:20:18 UTC</createdTime>
<ownerDesignName>1TDSJ_2017_MMEDL_MODELO</ownerDesignName>
<engineerTo>
<item key="4187EF75-08CD-0AE7-B519-2E83656F30DE" value="true"/>
</engineerTo>
<sourcePk>EEDD0AF5-94DC-4796-6DB7-0F273B532831</sourcePk>
<identifying>true</identifying>
<optionalSource>true</optionalSource>
<optionalTarget>false</optionalTarget>
<sourceCardinality>1</sourceCardinality>
<sourceEntity>E09C3224-389C-0498-7628-17A36FD343AB</sourceEntity>
<targetCardinalityString>*</targetCardinalityString>
<targetEntity>E97EE597-8493-9C8B-28F2-BD5478CB5164</targetEntity>
<transferable>true</transferable>
<deleteRule>NO ACTION</deleteRule>
</Relation>