<?xml version = '1.0' encoding = 'UTF-8'?>
<Relation class="oracle.dbtools.crest.model.design.logical.Relation" name="Relation_16" directorySegmentName="seg_0" id="08820A69-33DA-D389-94D7-307379F87153">
<createdBy>Mayara</createdBy>
<createdTime>2017-08-27 18:14:20 UTC</createdTime>
<ownerDesignName>1TDSJ_2017_MMEDL_MODELO</ownerDesignName>
<engineerTo>
<item key="4187EF75-08CD-0AE7-B519-2E83656F30DE" value="true"/>
</engineerTo>
<sourcePk>84DD57B5-734F-3C39-AB3D-BEBD448E5556</sourcePk>
<identifying>true</identifying>
<optionalSource>true</optionalSource>
<optionalTarget>false</optionalTarget>
<sourceCardinality>1</sourceCardinality>
<sourceEntity>48D8FA2E-2E8C-1E0D-CE60-F943B4E05752</sourceEntity>
<targetCardinalityString>*</targetCardinalityString>
<targetEntity>A999EAEB-DB18-3FC8-07F5-031B7CD5793D</targetEntity>
<transferable>true</transferable>
<deleteRule>NO ACTION</deleteRule>
</Relation>