<?xml version = '1.0' encoding = 'UTF-8'?>
<Relation class="oracle.dbtools.crest.model.design.logical.Relation" name="Relation_25" directorySegmentName="seg_0" id="0CFB9CFB-3143-BA4F-53DF-B5473716F96D">
<createdBy>Mayara</createdBy>
<createdTime>2017-08-27 18:38:37 UTC</createdTime>
<ownerDesignName>1TDSJ_2017_MMEDL_MODELO</ownerDesignName>
<engineerTo>
<item key="4187EF75-08CD-0AE7-B519-2E83656F30DE" value="true"/>
</engineerTo>
<sourcePk>D5974A54-E2C9-A417-17F6-4270AED98100</sourcePk>
<identifying>true</identifying>
<optionalSource>false</optionalSource>
<optionalTarget>false</optionalTarget>
<sourceCardinality>1</sourceCardinality>
<sourceEntity>A9B765EA-8530-8DDC-731E-D6161C9C578F</sourceEntity>
<targetCardinalityString>*</targetCardinalityString>
<targetEntity>0CE1BFAC-BFFB-FF44-007A-49C3DB73F593</targetEntity>
<transferable>true</transferable>
<deleteRule>NO ACTION</deleteRule>
</Relation>