<?xml version = '1.0' encoding = 'UTF-8'?>
<Relation class="oracle.dbtools.crest.model.design.logical.Relation" name="Relation_32" directorySegmentName="seg_0" id="0DBB30F0-E0F9-9115-98AD-E815C28A7CA5">
<createdBy>Mayara</createdBy>
<createdTime>2017-08-27 18:56:13 UTC</createdTime>
<ownerDesignName>1TDSJ_2017_MMEDL_MODELO</ownerDesignName>
<engineerTo>
<item key="4187EF75-08CD-0AE7-B519-2E83656F30DE" value="true"/>
</engineerTo>
<sourcePk>AD53F759-86A5-7F9A-1140-1ADC0BE7A636</sourcePk>
<identifying>true</identifying>
<optionalSource>false</optionalSource>
<optionalTarget>false</optionalTarget>
<sourceCardinality>1</sourceCardinality>
<sourceEntity>FBDD6C8A-E44A-3789-9BC8-F83D738D11DB</sourceEntity>
<targetCardinalityString>*</targetCardinalityString>
<targetEntity>A7620774-36D8-6679-0572-B393720A1672</targetEntity>
<transferable>true</transferable>
<deleteRule>NO ACTION</deleteRule>
</Relation>