<?xml version = '1.0' encoding = 'UTF-8'?>
<Relation class="oracle.dbtools.crest.model.design.logical.Relation" name="Relation_49" directorySegmentName="seg_0" id="11DA0660-DA66-F2C6-C058-4F6CB9144597">
<createdBy>logonrm</createdBy>
<createdTime>2017-09-04 13:46:52 UTC</createdTime>
<ownerDesignName>1TDSJ_2017_MMEDL_MODELO</ownerDesignName>
<engineerTo>
<item key="4187EF75-08CD-0AE7-B519-2E83656F30DE" value="true"/>
</engineerTo>
<sourcePk>D5974A54-E2C9-A417-17F6-4270AED98100</sourcePk>
<identifying>true</identifying>
<optionalSource>true</optionalSource>
<optionalTarget>false</optionalTarget>
<sourceCardinality>1</sourceCardinality>
<sourceEntity>A9B765EA-8530-8DDC-731E-D6161C9C578F</sourceEntity>
<targetCardinalityString>*</targetCardinalityString>
<targetEntity>F8AC4887-2E90-1289-8DDD-C30B874EC357</targetEntity>
<transferable>true</transferable>
<deleteRule>NO ACTION</deleteRule>
</Relation>