<?xml version = '1.0' encoding = 'UTF-8'?>
<Relation class="oracle.dbtools.crest.model.design.logical.Relation" name="Relation_42" directorySegmentName="seg_0" id="1DA60B46-B719-DDF4-2817-66D26C756F87">
<createdBy>logonrm</createdBy>
<createdTime>2017-09-13 14:19:47 UTC</createdTime>
<ownerDesignName>1TDSJ_2017_MMEDL_MODELO</ownerDesignName>
<engineerTo>
<item key="4187EF75-08CD-0AE7-B519-2E83656F30DE" value="true"/>
</engineerTo>
<sourcePk>9CB69634-4B70-AFF7-2434-39BF83A3E1A1</sourcePk>
<identifying>true</identifying>
<optionalSource>true</optionalSource>
<optionalTarget>false</optionalTarget>
<sourceCardinality>1</sourceCardinality>
<sourceEntity>AE9F8F0D-F464-3D4A-77BC-3143CBBBAF80</sourceEntity>
<targetCardinalityString>*</targetCardinalityString>
<targetEntity>E97EE597-8493-9C8B-28F2-BD5478CB5164</targetEntity>
<transferable>true</transferable>
<deleteRule>NO ACTION</deleteRule>
</Relation>