<?xml version = '1.0' encoding = 'UTF-8'?>
<Relation class="oracle.dbtools.crest.model.design.logical.Relation" name="Relation_5" directorySegmentName="seg_0" id="293BD85A-3264-731C-8486-90E518E09D58">
<createdBy>Mayara</createdBy>
<createdTime>2017-08-27 17:33:10 UTC</createdTime>
<ownerDesignName>1TDSJ_2017_MMEDL_MODELO</ownerDesignName>
<engineerTo>
<item key="4187EF75-08CD-0AE7-B519-2E83656F30DE" value="true"/>
</engineerTo>
<sourcePk>79C3331F-0ACA-2209-BCE5-CA5948A51FF7</sourcePk>
<identifying>false</identifying>
<optionalSource>true</optionalSource>
<optionalTarget>false</optionalTarget>
<sourceCardinality>1</sourceCardinality>
<sourceEntity>A4DCFF57-73D0-A7FA-8A30-0B132DAE4F61</sourceEntity>
<targetCardinalityString>*</targetCardinalityString>
<targetEntity>46F81FD7-AD19-1CBC-D2BD-F4417112F449</targetEntity>
<transferable>true</transferable>
<deleteRule>NO ACTION</deleteRule>
</Relation>