<?xml version = '1.0' encoding = 'UTF-8'?>
<Relation class="oracle.dbtools.crest.model.design.logical.Relation" name="Relation_3" directorySegmentName="seg_0" id="50EAEBC1-B7EA-6B18-B618-FE7FFF3EE3CF">
<createdBy>Mayara</createdBy>
<createdTime>2017-08-27 17:23:19 UTC</createdTime>
<ownerDesignName>1TDSJ_2017_MMEDL_MODELO</ownerDesignName>
<engineerTo>
<item key="4187EF75-08CD-0AE7-B519-2E83656F30DE" value="true"/>
</engineerTo>
<sourcePk>E5797F17-E4A1-1B88-A609-DC49585B21C3</sourcePk>
<identifying>true</identifying>
<optionalSource>true</optionalSource>
<optionalTarget>false</optionalTarget>
<sourceCardinality>1</sourceCardinality>
<sourceEntity>14FFC97C-D873-8336-5EFA-D3C4828BA1F9</sourceEntity>
<targetCardinalityString>*</targetCardinalityString>
<targetEntity>6887FCF8-4B36-580F-F796-F354DAA2143E</targetEntity>
<transferable>true</transferable>
<deleteRule>NO ACTION</deleteRule>
</Relation>