<?xml version = '1.0' encoding = 'UTF-8'?>
<Relation class="oracle.dbtools.crest.model.design.logical.Relation" name="Relation_10" directorySegmentName="seg_0" id="57D1DD64-56AD-8A51-FA30-1A7363B0293D">
<createdBy>Mayara</createdBy>
<createdTime>2017-08-27 17:44:24 UTC</createdTime>
<ownerDesignName>1TDSJ_2017_MMEDL_MODELO</ownerDesignName>
<engineerTo>
<item key="4187EF75-08CD-0AE7-B519-2E83656F30DE" value="true"/>
</engineerTo>
<sourcePk>6D2C7FD3-EEFE-9EC1-2C7C-BB3992E36FE5</sourcePk>
<identifying>false</identifying>
<optionalSource>true</optionalSource>
<optionalTarget>false</optionalTarget>
<sourceCardinality>1</sourceCardinality>
<sourceEntity>BF1A7091-EF34-F1A6-69C1-D86BEAE2B3A8</sourceEntity>
<targetCardinalityString>*</targetCardinalityString>
<targetEntity>F21F27E6-E22F-1AC1-E9A3-1325CA794D6E</targetEntity>
<transferable>true</transferable>
<deleteRule>NO ACTION</deleteRule>
</Relation>