<?xml version = '1.0' encoding = 'UTF-8'?>
<Relation class="oracle.dbtools.crest.model.design.logical.Relation" name="Relation_26" directorySegmentName="seg_0" id="868D0DB4-4C17-1048-08AE-8914875EACC1">
<createdBy>Mayara</createdBy>
<createdTime>2017-08-27 18:39:23 UTC</createdTime>
<ownerDesignName>1TDSJ_2017_MMEDL_MODELO</ownerDesignName>
<engineerTo>
<item key="4187EF75-08CD-0AE7-B519-2E83656F30DE" value="true"/>
</engineerTo>
<sourcePk>24D1A69A-7A25-0ED0-2042-3A427825DF33</sourcePk>
<identifying>true</identifying>
<optionalSource>false</optionalSource>
<optionalTarget>false</optionalTarget>
<sourceCardinality>1</sourceCardinality>
<sourceEntity>21693993-27C8-52F9-B2B8-71D88F74411E</sourceEntity>
<targetCardinalityString>*</targetCardinalityString>
<targetEntity>0CE1BFAC-BFFB-FF44-007A-49C3DB73F593</targetEntity>
<transferable>true</transferable>
<deleteRule>NO ACTION</deleteRule>
</Relation>