<?xml version = '1.0' encoding = 'UTF-8'?>
<Relation class="oracle.dbtools.crest.model.design.logical.Relation" name="Relation_52" directorySegmentName="seg_0" id="922145FF-2510-0CE5-997F-F8CAF4565791">
<createdBy>Mayara</createdBy>
<createdTime>2017-08-29 16:18:37 UTC</createdTime>
<ownerDesignName>1TDSJ_2017_MMEDL_MODELO</ownerDesignName>
<engineerTo>
<item key="4187EF75-08CD-0AE7-B519-2E83656F30DE" value="true"/>
</engineerTo>
<sourcePk>E5797F17-E4A1-1B88-A609-DC49585B21C3</sourcePk>
<identifying>false</identifying>
<optionalSource>true</optionalSource>
<optionalTarget>false</optionalTarget>
<sourceCardinality>1</sourceCardinality>
<sourceEntity>14FFC97C-D873-8336-5EFA-D3C4828BA1F9</sourceEntity>
<targetCardinalityString>1</targetCardinalityString>
<targetEntity>FBDD6C8A-E44A-3789-9BC8-F83D738D11DB</targetEntity>
<transferable>true</transferable>
<deleteRule>NO ACTION</deleteRule>
</Relation>