<?xml version = '1.0' encoding = 'UTF-8'?>
<Relation class="oracle.dbtools.crest.model.design.logical.Relation" name="Relation_7" directorySegmentName="seg_0" id="A696664E-2E34-8539-6281-EE909043A0E6">
<createdBy>Mayara</createdBy>
<createdTime>2017-08-27 17:40:45 UTC</createdTime>
<ownerDesignName>1TDSJ_2017_MMEDL_MODELO</ownerDesignName>
<engineerTo>
<item key="4187EF75-08CD-0AE7-B519-2E83656F30DE" value="true"/>
</engineerTo>
<sourcePk>45F2DAE8-04D4-0A4A-5DD5-37A2EB991E8B</sourcePk>
<identifying>true</identifying>
<optionalSource>true</optionalSource>
<optionalTarget>false</optionalTarget>
<sourceCardinality>1</sourceCardinality>
<sourceEntity>48B24E20-13B3-BFBB-7B1E-1C1E2FC061FC</sourceEntity>
<targetCardinalityString>*</targetCardinalityString>
<targetEntity>2F0516A4-AD61-624C-2E51-480455D54A53</targetEntity>
<transferable>true</transferable>
<deleteRule>NO ACTION</deleteRule>
</Relation>