<?xml version = '1.0' encoding = 'UTF-8'?>
<Relation class="oracle.dbtools.crest.model.design.logical.Relation" name="Relation_1" directorySegmentName="seg_0" id="AE2C2BF5-7CBD-C31F-5084-CB4F7CCA571F">
<createdBy>Mayara</createdBy>
<createdTime>2017-08-27 17:11:52 UTC</createdTime>
<ownerDesignName>1TDSJ_2017_MMEDL_MODELO</ownerDesignName>
<engineerTo>
<item key="4187EF75-08CD-0AE7-B519-2E83656F30DE" value="true"/>
</engineerTo>
<sourcePk>E5797F17-E4A1-1B88-A609-DC49585B21C3</sourcePk>
<arc>7E345E77-F7AA-5C04-FBF8-7044536394D1</arc>
<identifying>true</identifying>
<optionalSource>true</optionalSource>
<optionalTarget>false</optionalTarget>
<sourceCardinality>1</sourceCardinality>
<sourceEntity>14FFC97C-D873-8336-5EFA-D3C4828BA1F9</sourceEntity>
<targetCardinalityString>1</targetCardinalityString>
<targetEntity>A0003B5D-F5D9-00D3-2517-AB4B88D70772</targetEntity>
<transferable>true</transferable>
<deleteRule>NO ACTION</deleteRule>
</Relation>