<?xml version = '1.0' encoding = 'UTF-8'?>
<Relation class="oracle.dbtools.crest.model.design.logical.Relation" name="Relation_8" directorySegmentName="seg_0" id="C117C838-DDE9-29D6-3C78-60729131A263">
<createdBy>Mayara</createdBy>
<createdTime>2017-08-27 17:42:26 UTC</createdTime>
<ownerDesignName>1TDSJ_2017_MMEDL_MODELO</ownerDesignName>
<engineerTo>
<item key="4187EF75-08CD-0AE7-B519-2E83656F30DE" value="true"/>
</engineerTo>
<sourcePk>6E68DDE5-395D-AB53-D227-1282B42323E5</sourcePk>
<identifying>false</identifying>
<optionalSource>true</optionalSource>
<optionalTarget>false</optionalTarget>
<sourceCardinality>1</sourceCardinality>
<sourceEntity>F21F27E6-E22F-1AC1-E9A3-1325CA794D6E</sourceEntity>
<targetCardinalityString>*</targetCardinalityString>
<targetEntity>48B24E20-13B3-BFBB-7B1E-1C1E2FC061FC</targetEntity>
<transferable>true</transferable>
<deleteRule>NO ACTION</deleteRule>
</Relation>