<?xml version = '1.0' encoding = 'UTF-8'?>
<Relation class="oracle.dbtools.crest.model.design.logical.Relation" name="Relation_9" directorySegmentName="seg_0" id="CAA6CA98-D318-B30B-7545-DD53868DFF14">
<createdBy>Mayara</createdBy>
<createdTime>2017-08-27 17:43:39 UTC</createdTime>
<ownerDesignName>1TDSJ_2017_MMEDL_MODELO</ownerDesignName>
<engineerTo>
<item key="4187EF75-08CD-0AE7-B519-2E83656F30DE" value="true"/>
</engineerTo>
<sourcePk>C3370F69-EAB1-0C80-1A4F-D28822337E05</sourcePk>
<identifying>false</identifying>
<optionalSource>true</optionalSource>
<optionalTarget>false</optionalTarget>
<sourceCardinality>1</sourceCardinality>
<sourceEntity>D95B59F7-4771-5FCF-71C5-93A0E14170D6</sourceEntity>
<targetCardinalityString>*</targetCardinalityString>
<targetEntity>48B24E20-13B3-BFBB-7B1E-1C1E2FC061FC</targetEntity>
<transferable>true</transferable>
<deleteRule>NO ACTION</deleteRule>
</Relation>