<?xml version = '1.0' encoding = 'UTF-8'?>
<Relation class="oracle.dbtools.crest.model.design.logical.Relation" name="Relation_55" directorySegmentName="seg_0" id="D05F2D32-9A2F-B462-15FF-EA4920E81251">
<createdBy>logonrm</createdBy>
<createdTime>2017-09-04 14:03:03 UTC</createdTime>
<ownerDesignName>1TDSJ_2017_MMEDL_MODELO</ownerDesignName>
<engineerTo>
<item key="4187EF75-08CD-0AE7-B519-2E83656F30DE" value="true"/>
</engineerTo>
<sourcePk>84DD57B5-734F-3C39-AB3D-BEBD448E5556</sourcePk>
<dominantRole>48D8FA2E-2E8C-1E0D-CE60-F943B4E05752</dominantRole>
<identifying>false</identifying>
<optionalSource>true</optionalSource>
<optionalTarget>false</optionalTarget>
<sourceCardinality>1</sourceCardinality>
<sourceEntity>48D8FA2E-2E8C-1E0D-CE60-F943B4E05752</sourceEntity>
<targetCardinalityString>1</targetCardinalityString>
<targetEntity>4BD23CBE-D8DC-D90B-3C29-E9EA54586AA1</targetEntity>
<transferable>true</transferable>
<deleteRule>NO ACTION</deleteRule>
</Relation>