<?xml version = '1.0' encoding = 'UTF-8'?>
<Relation class="oracle.dbtools.crest.model.design.logical.Relation" name="Relation_41" directorySegmentName="seg_0" id="E2B2E173-41DF-B320-6940-AE436A4215D3">
<createdBy>logonrm</createdBy>
<createdTime>2017-09-18 13:43:10 UTC</createdTime>
<ownerDesignName>1TDSJ_2017_MMEDL_MODELO</ownerDesignName>
<engineerTo>
<item key="4187EF75-08CD-0AE7-B519-2E83656F30DE" value="true"/>
</engineerTo>
<sourcePk>8B4DD315-6ACC-8567-DECA-333A08404749</sourcePk>
<identifying>false</identifying>
<optionalSource>true</optionalSource>
<optionalTarget>false</optionalTarget>
<sourceCardinality>1</sourceCardinality>
<sourceEntity>A7620774-36D8-6679-0572-B393720A1672</sourceEntity>
<targetCardinalityString>*</targetCardinalityString>
<targetEntity>787CBA69-F359-34FF-F694-43A80BF205B1</targetEntity>
<transferable>true</transferable>
<deleteRule>NO ACTION</deleteRule>
</Relation>