<?xml version = '1.0' encoding = 'UTF-8'?>
<Relation class="oracle.dbtools.crest.model.design.logical.Relation" name="Relation_54" directorySegmentName="seg_0" id="E5F914B6-CAA4-BED6-06C0-DF5AEDA760F0">
<createdBy>logonrm</createdBy>
<createdTime>2017-09-18 12:30:18 UTC</createdTime>
<ownerDesignName>1TDSJ_2017_MMEDL_MODELO</ownerDesignName>
<engineerTo>
<item key="4187EF75-08CD-0AE7-B519-2E83656F30DE" value="true"/>
</engineerTo>
<sourcePk>B2FACC25-B9F7-9ACD-2F42-C2D26C08120A</sourcePk>
<identifying>false</identifying>
<optionalSource>true</optionalSource>
<optionalTarget>true</optionalTarget>
<sourceCardinality>1</sourceCardinality>
<sourceEntity>7C7D0F36-8E62-C4E5-75D0-76806A06FE09</sourceEntity>
<targetCardinalityString>*</targetCardinalityString>
<targetEntity>14FFC97C-D873-8336-5EFA-D3C4828BA1F9</targetEntity>
<transferable>true</transferable>
<deleteRule>NO ACTION</deleteRule>
</Relation>