<?xml version = '1.0' encoding = 'UTF-8'?>
<Relation class="oracle.dbtools.crest.model.design.logical.Relation" name="Relation_11" directorySegmentName="seg_0" id="ECDF6885-D591-6DA4-EF73-1845AC7FBABF">
<createdBy>Mayara</createdBy>
<createdTime>2017-08-27 17:45:50 UTC</createdTime>
<ownerDesignName>1TDSJ_2017_MMEDL_MODELO</ownerDesignName>
<engineerTo>
<item key="4187EF75-08CD-0AE7-B519-2E83656F30DE" value="true"/>
</engineerTo>
<sourcePk>3867349B-DAE8-CA29-4047-6B8283F04BE0</sourcePk>
<identifying>false</identifying>
<optionalSource>true</optionalSource>
<optionalTarget>false</optionalTarget>
<sourceCardinality>1</sourceCardinality>
<sourceEntity>9F0E0615-010F-81A6-CBB2-D8B825C46356</sourceEntity>
<targetCardinalityString>*</targetCardinalityString>
<targetEntity>BF1A7091-EF34-F1A6-69C1-D86BEAE2B3A8</targetEntity>
<transferable>true</transferable>
<deleteRule>NO ACTION</deleteRule>
</Relation>