<?xml version = '1.0' encoding = 'UTF-8'?>
<Relation class="oracle.dbtools.crest.model.design.logical.Relation" name="Relation_31" directorySegmentName="seg_0" id="EDADD79B-81DA-6499-957C-777FBA8D5304">
<createdBy>Mayara</createdBy>
<createdTime>2017-08-27 18:56:01 UTC</createdTime>
<ownerDesignName>1TDSJ_2017_MMEDL_MODELO</ownerDesignName>
<engineerTo>
<item key="4187EF75-08CD-0AE7-B519-2E83656F30DE" value="true"/>
</engineerTo>
<sourcePk>24D1A69A-7A25-0ED0-2042-3A427825DF33</sourcePk>
<identifying>true</identifying>
<optionalSource>false</optionalSource>
<optionalTarget>false</optionalTarget>
<sourceCardinality>1</sourceCardinality>
<sourceEntity>21693993-27C8-52F9-B2B8-71D88F74411E</sourceEntity>
<targetCardinalityString>*</targetCardinalityString>
<targetEntity>A7620774-36D8-6679-0572-B393720A1672</targetEntity>
<transferable>true</transferable>
<deleteRule>NO ACTION</deleteRule>
</Relation>