<?xml version = '1.0' encoding = 'UTF-8'?>
<Relation class="oracle.dbtools.crest.model.design.logical.Relation" name="Relation_6" directorySegmentName="seg_0" id="F16891BF-06A1-5446-BA1A-EF45C1FCF5DA">
<createdBy>Mayara</createdBy>
<createdTime>2017-08-27 17:40:30 UTC</createdTime>
<ownerDesignName>1TDSJ_2017_MMEDL_MODELO</ownerDesignName>
<engineerTo>
<item key="4187EF75-08CD-0AE7-B519-2E83656F30DE" value="true"/>
</engineerTo>
<sourcePk>E5797F17-E4A1-1B88-A609-DC49585B21C3</sourcePk>
<identifying>true</identifying>
<optionalSource>true</optionalSource>
<optionalTarget>false</optionalTarget>
<sourceCardinality>1</sourceCardinality>
<sourceEntity>14FFC97C-D873-8336-5EFA-D3C4828BA1F9</sourceEntity>
<targetCardinalityString>*</targetCardinalityString>
<targetEntity>2F0516A4-AD61-624C-2E51-480455D54A53</targetEntity>
<transferable>true</transferable>
<deleteRule>NO ACTION</deleteRule>
</Relation>