<?xml version = '1.0' encoding = 'UTF-8'?>
<Relation class="oracle.dbtools.crest.model.design.logical.Relation" name="Relation_33" directorySegmentName="seg_0" id="F9A7C8B2-BBB5-B152-64A7-EDDDCB70917D">
<createdBy>Mayara</createdBy>
<createdTime>2017-08-27 19:06:13 UTC</createdTime>
<ownerDesignName>1TDSJ_2017_MMEDL_MODELO</ownerDesignName>
<engineerTo>
<item key="4187EF75-08CD-0AE7-B519-2E83656F30DE" value="true"/>
</engineerTo>
<sourcePk>B2FACC25-B9F7-9ACD-2F42-C2D26C08120A</sourcePk>
<identifying>true</identifying>
<optionalSource>false</optionalSource>
<optionalTarget>false</optionalTarget>
<sourceCardinality>1</sourceCardinality>
<sourceEntity>7C7D0F36-8E62-C4E5-75D0-76806A06FE09</sourceEntity>
<targetCardinalityString>*</targetCardinalityString>
<targetEntity>F8AC4887-2E90-1289-8DDD-C30B874EC357</targetEntity>
<transferable>true</transferable>
<deleteRule>NO ACTION</deleteRule>
</Relation>