<?xml version = '1.0' encoding = 'UTF-8'?>
<Relation class="oracle.dbtools.crest.model.design.logical.Relation" name="Relation_17" directorySegmentName="seg_0" id="F9F7D990-959E-BD17-C901-CDED89BB567A">
<createdBy>Mayara</createdBy>
<createdTime>2017-08-27 18:14:49 UTC</createdTime>
<ownerDesignName>1TDSJ_2017_MMEDL_MODELO</ownerDesignName>
<engineerTo>
<item key="4187EF75-08CD-0AE7-B519-2E83656F30DE" value="true"/>
</engineerTo>
<sourcePk>D5974A54-E2C9-A417-17F6-4270AED98100</sourcePk>
<identifying>true</identifying>
<optionalSource>true</optionalSource>
<optionalTarget>false</optionalTarget>
<sourceCardinality>1</sourceCardinality>
<sourceEntity>A9B765EA-8530-8DDC-731E-D6161C9C578F</sourceEntity>
<targetCardinalityString>*</targetCardinalityString>
<targetEntity>A999EAEB-DB18-3FC8-07F5-031B7CD5793D</targetEntity>
<transferable>true</transferable>
<deleteRule>NO ACTION</deleteRule>
</Relation>