<?xml version = '1.0' encoding = 'UTF-8'?>
<Entity class="oracle.dbtools.crest.model.design.logical.Entity" directorySegmentName="seg_0" id="0CE1BFAC-BFFB-FF44-007A-49C3DB73F593" name="T_GCS_PRIMA_PRODUTO">
<createdBy>Mayara</createdBy>
<createdTime>2017-08-27 16:36:10 UTC</createdTime>
<ownerDesignName>1TDSJ_2017_MMEDL_MODELO</ownerDesignName>
<engineerTo>
<item key="4187EF75-08CD-0AE7-B519-2E83656F30DE" value="true"/>
</engineerTo>
<adequatelyNormalized>NO</adequatelyNormalized>
<expectedVolumes>0</expectedVolumes>
<fwdEngineeringStrategyName>Single Table</fwdEngineeringStrategyName>
<growthPercent>0</growthPercent>
<growthType>Year</growthType>
<maxVolumes>9999999</maxVolumes>
<minVolumes>0</minVolumes>
<normalForm>Third</normalForm>
<attributes itemClass="oracle.dbtools.crest.model.design.logical.Attribute">
<Attribute name="cd_materia_prima" id="D72888C7-0146-2DE4-3B78-F63C7A5CE0DD">
<createdBy>Mayara</createdBy>
<createdTime>2017-08-27 18:39:23 UTC</createdTime>
<generatorID>868D0DB4-4C17-1048-08AE-8914875EACC1</generatorID>
<ownerDesignName>1TDSJ_2017_MMEDL_MODELO</ownerDesignName>
<engineerTo>
<item key="4187EF75-08CD-0AE7-B519-2E83656F30DE" value="true"/>
</engineerTo>
<referedAttribute>DFC0EF47-6D84-42BF-7470-24D42D434656</referedAttribute>
<useDomainConstraints>false</useDomainConstraints>
<use>1</use>
<logicalDatatype>LOGDT019</logicalDatatype>
<dataTypePrecision>10</dataTypePrecision>
<ownDataTypeParameters>,,</ownDataTypeParameters>
</Attribute>
<Attribute name="cd_produto" id="02A13379-E4EF-EBE2-0035-F8DA89836B72">
<createdBy>Mayara</createdBy>
<createdTime>2017-08-27 18:39:42 UTC</createdTime>
<generatorID>0CFB9CFB-3143-BA4F-53DF-B5473716F96D</generatorID>
<ownerDesignName>1TDSJ_2017_MMEDL_MODELO</ownerDesignName>
<engineerTo>
<item key="4187EF75-08CD-0AE7-B519-2E83656F30DE" value="true"/>
</engineerTo>
<referedAttribute>F2A33734-A6A3-7433-AD9A-5F95C2C1AB62</referedAttribute>
<useDomainConstraints>false</useDomainConstraints>
<use>1</use>
<logicalDatatype>LOGDT019</logicalDatatype>
<dataTypePrecision>10</dataTypePrecision>
<ownDataTypeParameters>,10,</ownDataTypeParameters>
</Attribute>
<Attribute name="qt_prima_produto" id="D4D87DC0-0BF3-F371-FE98-ACDF76ECB3AE">
<createdBy>logonrm</createdBy>
<createdTime>2017-09-04 13:51:56 UTC</createdTime>
<ownerDesignName>1TDSJ_2017_MMEDL_MODELO</ownerDesignName>
<engineerTo>
<item key="4187EF75-08CD-0AE7-B519-2E83656F30DE" value="true"/>
</engineerTo>
<useDomainConstraints>false</useDomainConstraints>
<use>1</use>
<logicalDatatype>LOGDT019</logicalDatatype>
<dataTypePrecision>4</dataTypePrecision>
<ownDataTypeParameters>,4,</ownDataTypeParameters>
</Attribute>
</attributes>
<identifiers itemClass="oracle.dbtools.crest.model.design.logical.CandidateKey">
<identifier id="1B63ECE8-492C-3078-DE79-3BC50E7A5CAF" name="T_GCS_PRIMA_PRODUTO PK">
<createdBy>Mayara</createdBy>
<createdTime>2017-08-27 20:11:33 UTC</createdTime>
<ownerDesignName>1TDSJ_2017_MMEDL_MODELO</ownerDesignName>
<engineerTo>
<item key="4187EF75-08CD-0AE7-B519-2E83656F30DE" value="true"/>
</engineerTo>
<pk>true</pk>
<newElementsIDs>0CFB9CFB-3143-BA4F-53DF-B5473716F96D,868D0DB4-4C17-1048-08AE-8914875EACC1</newElementsIDs>
<usedAttributes>
<attributeRef>02A13379-E4EF-EBE2-0035-F8DA89836B72</attributeRef>
<attributeRef>D72888C7-0146-2DE4-3B78-F63C7A5CE0DD</attributeRef>
</usedAttributes>
</identifier>
</identifiers>
</Entity>