<?xml version = '1.0' encoding = 'UTF-8'?>
<Entity class="oracle.dbtools.crest.model.design.logical.Entity" directorySegmentName="seg_0" id="2F0516A4-AD61-624C-2E51-480455D54A53" name="T_GCS_PESSOA_ENDERECO">
<createdBy>Mayara</createdBy>
<createdTime>2017-08-27 16:12:43 UTC</createdTime>
<ownerDesignName>1TDSJ_2017_MMEDL_MODELO</ownerDesignName>
<engineerTo>
<item key="4187EF75-08CD-0AE7-B519-2E83656F30DE" value="true"/>
</engineerTo>
<adequatelyNormalized>NO</adequatelyNormalized>
<expectedVolumes>0</expectedVolumes>
<fwdEngineeringStrategyName>Single Table</fwdEngineeringStrategyName>
<growthPercent>0</growthPercent>
<growthType>Year</growthType>
<maxVolumes>9999999</maxVolumes>
<minVolumes>0</minVolumes>
<normalForm>Third</normalForm>
<attributes itemClass="oracle.dbtools.crest.model.design.logical.Attribute">
<Attribute name="nr_cep" id="B04981B9-59CD-B3B7-E30A-F03FB422510C">
<createdBy>Mayara</createdBy>
<createdTime>2017-08-27 21:26:06 UTC</createdTime>
<generatorID>A696664E-2E34-8539-6281-EE909043A0E6</generatorID>
<ownerDesignName>1TDSJ_2017_MMEDL_MODELO</ownerDesignName>
<engineerTo>
<item key="4187EF75-08CD-0AE7-B519-2E83656F30DE" value="true"/>
</engineerTo>
<referedAttribute>6F1F25C2-8C91-0B2B-ED92-07B68CD75DD7</referedAttribute>
<useDomainConstraints>false</useDomainConstraints>
<use>1</use>
<logicalDatatype>LOGDT024</logicalDatatype>
<dataTypeSize>30</dataTypeSize>
<ownDataTypeParameters>,,</ownDataTypeParameters>
</Attribute>
<Attribute name="cd_pessoa" id="32048832-2F3F-88EF-BC74-3192CDE6E71F">
<createdBy>Mayara</createdBy>
<createdTime>2017-08-27 20:50:23 UTC</createdTime>
<generatorID>F16891BF-06A1-5446-BA1A-EF45C1FCF5DA</generatorID>
<ownerDesignName>1TDSJ_2017_MMEDL_MODELO</ownerDesignName>
<engineerTo>
<item key="4187EF75-08CD-0AE7-B519-2E83656F30DE" value="true"/>
</engineerTo>
<referedAttribute>AEAD8BB8-3095-459F-00AC-91AA884CBCA0</referedAttribute>
<useDomainConstraints>false</useDomainConstraints>
<use>1</use>
<logicalDatatype>LOGDT019</logicalDatatype>
<dataTypePrecision>10</dataTypePrecision>
<ownDataTypeParameters>,,</ownDataTypeParameters>
</Attribute>
<Attribute name="nr_endereco" id="9AF72351-E151-D226-F380-022CA72593DC">
<createdBy>Mayara</createdBy>
<createdTime>2017-08-27 17:34:56 UTC</createdTime>
<ownerDesignName>1TDSJ_2017_MMEDL_MODELO</ownerDesignName>
<engineerTo>
<item key="4187EF75-08CD-0AE7-B519-2E83656F30DE" value="true"/>
</engineerTo>
<useDomainConstraints>false</useDomainConstraints>
<use>1</use>
<logicalDatatype>LOGDT024</logicalDatatype>
<dataTypeSize>30</dataTypeSize>
<ownDataTypeParameters>30,,</ownDataTypeParameters>
</Attribute>
<Attribute name="ds_complemento" id="6083A11C-400F-52EC-995D-E39DFDD5D063">
<createdBy>Mayara</createdBy>
<createdTime>2017-08-27 17:35:05 UTC</createdTime>
<ownerDesignName>1TDSJ_2017_MMEDL_MODELO</ownerDesignName>
<engineerTo>
<item key="4187EF75-08CD-0AE7-B519-2E83656F30DE" value="true"/>
</engineerTo>
<nullsAllowed>true</nullsAllowed>
<useDomainConstraints>false</useDomainConstraints>
<use>1</use>
<logicalDatatype>LOGDT024</logicalDatatype>
<dataTypeSize>40</dataTypeSize>
<ownDataTypeParameters>40,,</ownDataTypeParameters>
</Attribute>
</attributes>
<identifiers itemClass="oracle.dbtools.crest.model.design.logical.CandidateKey">
<identifier id="5E26D85B-E410-0C79-58EB-C6F7B8CE2557" name="T_GCS_PESSOA_ENDERECO PK">
<createdBy>Mayara</createdBy>
<createdTime>2017-08-27 17:40:35 UTC</createdTime>
<ownerDesignName>1TDSJ_2017_MMEDL_MODELO</ownerDesignName>
<engineerTo>
<item key="4187EF75-08CD-0AE7-B519-2E83656F30DE" value="true"/>
</engineerTo>
<pk>true</pk>
<newElementsIDs>F16891BF-06A1-5446-BA1A-EF45C1FCF5DA,A696664E-2E34-8539-6281-EE909043A0E6</newElementsIDs>
<usedAttributes>
<attributeRef>32048832-2F3F-88EF-BC74-3192CDE6E71F</attributeRef>
<attributeRef>B04981B9-59CD-B3B7-E30A-F03FB422510C</attributeRef>
</usedAttributes>
</identifier>
</identifiers>
</Entity>