<?xml version = '1.0' encoding = 'UTF-8'?>
<Entity class="oracle.dbtools.crest.model.design.logical.Entity" directorySegmentName="seg_0" id="48B24E20-13B3-BFBB-7B1E-1C1E2FC061FC" name="T_GCS_ENDERECO">
<createdBy>Mayara</createdBy>
<createdTime>2017-08-27 16:14:32 UTC</createdTime>
<ownerDesignName>1TDSJ_2017_MMEDL_MODELO</ownerDesignName>
<engineerTo>
<item key="4187EF75-08CD-0AE7-B519-2E83656F30DE" value="true"/>
</engineerTo>
<adequatelyNormalized>NO</adequatelyNormalized>
<expectedVolumes>0</expectedVolumes>
<fwdEngineeringStrategyName>Single Table</fwdEngineeringStrategyName>
<growthPercent>0</growthPercent>
<growthType>Year</growthType>
<maxVolumes>9999999</maxVolumes>
<minVolumes>0</minVolumes>
<normalForm>Third</normalForm>
<attributes itemClass="oracle.dbtools.crest.model.design.logical.Attribute">
<Attribute name="nr_cep" id="6F1F25C2-8C91-0B2B-ED92-07B68CD75DD7">
<createdBy>Mayara</createdBy>
<createdTime>2017-08-27 17:39:38 UTC</createdTime>
<ownerDesignName>1TDSJ_2017_MMEDL_MODELO</ownerDesignName>
<engineerTo>
<item key="4187EF75-08CD-0AE7-B519-2E83656F30DE" value="true"/>
</engineerTo>
<useDomainConstraints>false</useDomainConstraints>
<use>1</use>
<logicalDatatype>LOGDT024</logicalDatatype>
<dataTypeSize>30</dataTypeSize>
<ownDataTypeParameters>30,,</ownDataTypeParameters>
</Attribute>
<Attribute name="cd_bairro" id="1633DA5C-1AAC-743D-79E8-95DE55C75494">
<createdBy>Mayara</createdBy>
<createdTime>2017-08-27 17:42:26 UTC</createdTime>
<generatorID>C117C838-DDE9-29D6-3C78-60729131A263</generatorID>
<ownerDesignName>1TDSJ_2017_MMEDL_MODELO</ownerDesignName>
<engineerTo>
<item key="4187EF75-08CD-0AE7-B519-2E83656F30DE" value="true"/>
</engineerTo>
<referedAttribute>4432370E-16DF-317F-3BCE-7B4FF0E0F920</referedAttribute>
<useDomainConstraints>false</useDomainConstraints>
<use>1</use>
<logicalDatatype>LOGDT019</logicalDatatype>
<dataTypePrecision>10</dataTypePrecision>
<ownDataTypeParameters>,10,</ownDataTypeParameters>
</Attribute>
<Attribute name="cd_tipo_log" id="9AB27E5A-5BC7-8C98-FCB3-6665D3AB3CDF">
<createdBy>Mayara</createdBy>
<createdTime>2017-08-27 21:27:15 UTC</createdTime>
<generatorID>CAA6CA98-D318-B30B-7545-DD53868DFF14</generatorID>
<ownerDesignName>1TDSJ_2017_MMEDL_MODELO</ownerDesignName>
<engineerTo>
<item key="4187EF75-08CD-0AE7-B519-2E83656F30DE" value="true"/>
</engineerTo>
<referedAttribute>B8043969-B1C8-BCAA-ADE2-BE0932CFA8F6</referedAttribute>
<useDomainConstraints>false</useDomainConstraints>
<use>1</use>
<logicalDatatype>LOGDT019</logicalDatatype>
<dataTypePrecision>10</dataTypePrecision>
<ownDataTypeParameters>,10,</ownDataTypeParameters>
</Attribute>
<Attribute name="ds_logradouro" id="75D50069-5914-5527-3A65-195CEAB587A9">
<createdBy>Mayara</createdBy>
<createdTime>2017-08-27 17:39:45 UTC</createdTime>
<ownerDesignName>1TDSJ_2017_MMEDL_MODELO</ownerDesignName>
<engineerTo>
<item key="4187EF75-08CD-0AE7-B519-2E83656F30DE" value="true"/>
</engineerTo>
<useDomainConstraints>false</useDomainConstraints>
<use>1</use>
<logicalDatatype>LOGDT024</logicalDatatype>
<dataTypeSize>40</dataTypeSize>
<ownDataTypeParameters>40,,</ownDataTypeParameters>
</Attribute>
</attributes>
<identifiers itemClass="oracle.dbtools.crest.model.design.logical.CandidateKey">
<identifier id="45F2DAE8-04D4-0A4A-5DD5-37A2EB991E8B" name="T_GCS_ENDERECO PK">
<createdBy>Mayara</createdBy>
<createdTime>2017-08-27 17:39:42 UTC</createdTime>
<ownerDesignName>1TDSJ_2017_MMEDL_MODELO</ownerDesignName>
<engineerTo>
<item key="4187EF75-08CD-0AE7-B519-2E83656F30DE" value="true"/>
</engineerTo>
<pk>true</pk>
<newElementsIDs>6F1F25C2-8C91-0B2B-ED92-07B68CD75DD7</newElementsIDs>
<usedAttributes>
<attributeRef>6F1F25C2-8C91-0B2B-ED92-07B68CD75DD7</attributeRef>
</usedAttributes>
</identifier>
</identifiers>
</Entity>