<?xml version = '1.0' encoding = 'UTF-8'?>
<Entity class="oracle.dbtools.crest.model.design.logical.Entity" directorySegmentName="seg_0" id="48D8FA2E-2E8C-1E0D-CE60-F943B4E05752" name="T_GCS_PEDIDO">
<createdBy>Mayara</createdBy>
<createdTime>2017-08-27 16:43:04 UTC</createdTime>
<ownerDesignName>1TDSJ_2017_MMEDL_MODELO</ownerDesignName>
<engineerTo>
<item key="4187EF75-08CD-0AE7-B519-2E83656F30DE" value="true"/>
</engineerTo>
<adequatelyNormalized>NO</adequatelyNormalized>
<expectedVolumes>0</expectedVolumes>
<fwdEngineeringStrategyName>Single Table</fwdEngineeringStrategyName>
<growthPercent>0</growthPercent>
<growthType>Year</growthType>
<maxVolumes>9999999</maxVolumes>
<minVolumes>0</minVolumes>
<normalForm>Third</normalForm>
<attributes itemClass="oracle.dbtools.crest.model.design.logical.Attribute">
<Attribute name="cd_pedido" id="07B95BB1-F83E-B2DB-D1B6-2C9795FFC9B0">
<createdBy>Mayara</createdBy>
<createdTime>2017-08-27 18:04:05 UTC</createdTime>
<ownerDesignName>1TDSJ_2017_MMEDL_MODELO</ownerDesignName>
<engineerTo>
<item key="4187EF75-08CD-0AE7-B519-2E83656F30DE" value="true"/>
</engineerTo>
<useDomainConstraints>false</useDomainConstraints>
<use>1</use>
<logicalDatatype>LOGDT019</logicalDatatype>
<dataTypePrecision>10</dataTypePrecision>
<ownDataTypeParameters>,10,</ownDataTypeParameters>
</Attribute>
<Attribute name="cd_pessoa" id="FF8E71D0-75D3-D269-54FD-F8E7F636E899">
<createdBy>logonrm</createdBy>
<createdTime>2017-09-13 14:05:27 UTC</createdTime>
<generatorID>C76D1402-042C-A153-031B-6DF4BD5AD30D</generatorID>
<ownerDesignName>1TDSJ_2017_MMEDL_MODELO</ownerDesignName>
<engineerTo>
<item key="4187EF75-08CD-0AE7-B519-2E83656F30DE" value="true"/>
</engineerTo>
<referedAttribute>AEAD8BB8-3095-459F-00AC-91AA884CBCA0</referedAttribute>
<useDomainConstraints>false</useDomainConstraints>
<use>1</use>
<logicalDatatype>LOGDT019</logicalDatatype>
<dataTypePrecision>10</dataTypePrecision>
<ownDataTypeParameters>,,</ownDataTypeParameters>
</Attribute>
<Attribute name="ds_pedido" id="9C8D7BA2-4A8A-403E-4D90-0375B6BC92AE">
<createdBy>Mayara</createdBy>
<createdTime>2017-08-27 18:08:45 UTC</createdTime>
<ownerDesignName>1TDSJ_2017_MMEDL_MODELO</ownerDesignName>
<engineerTo>
<item key="4187EF75-08CD-0AE7-B519-2E83656F30DE" value="true"/>
</engineerTo>
<useDomainConstraints>false</useDomainConstraints>
<use>1</use>
<logicalDatatype>LOGDT024</logicalDatatype>
<dataTypeSize>30</dataTypeSize>
<ownDataTypeParameters>30,,</ownDataTypeParameters>
</Attribute>
<Attribute name="dt_pedido" id="4B56949B-F376-821F-9E5D-A1EA2B530CA5">
<createdBy>Mayara</createdBy>
<createdTime>2017-08-27 18:04:22 UTC</createdTime>
<ownerDesignName>1TDSJ_2017_MMEDL_MODELO</ownerDesignName>
<engineerTo>
<item key="4187EF75-08CD-0AE7-B519-2E83656F30DE" value="true"/>
</engineerTo>
<useDomainConstraints>false</useDomainConstraints>
<use>1</use>
<logicalDatatype>LOGDT007</logicalDatatype>
<ownDataTypeParameters>,,</ownDataTypeParameters>
</Attribute>
</attributes>
<identifiers itemClass="oracle.dbtools.crest.model.design.logical.CandidateKey">
<identifier id="84DD57B5-734F-3C39-AB3D-BEBD448E5556" name="T_GCS_PEDIDO PK">
<createdBy>Mayara</createdBy>
<createdTime>2017-08-27 18:04:10 UTC</createdTime>
<ownerDesignName>1TDSJ_2017_MMEDL_MODELO</ownerDesignName>
<engineerTo>
<item key="4187EF75-08CD-0AE7-B519-2E83656F30DE" value="true"/>
</engineerTo>
<pk>true</pk>
<newElementsIDs>07B95BB1-F83E-B2DB-D1B6-2C9795FFC9B0</newElementsIDs>
<usedAttributes>
<attributeRef>07B95BB1-F83E-B2DB-D1B6-2C9795FFC9B0</attributeRef>
</usedAttributes>
</identifier>
</identifiers>
</Entity>