<?xml version = '1.0' encoding = 'UTF-8'?>
<Entity class="oracle.dbtools.crest.model.design.logical.Entity" directorySegmentName="seg_0" id="55D46DD5-942B-1C71-C73B-3D04428B761F" name="T_GCS_ESTOQUEGERAL">
<createdBy>Mayara</createdBy>
<createdTime>2017-08-27 19:53:19 UTC</createdTime>
<ownerDesignName>1TDSJ_2017_MMEDL_MODELO</ownerDesignName>
<engineerTo>
<item key="4187EF75-08CD-0AE7-B519-2E83656F30DE" value="true"/>
</engineerTo>
<adequatelyNormalized>NO</adequatelyNormalized>
<expectedVolumes>0</expectedVolumes>
<fwdEngineeringStrategyName>Single Table</fwdEngineeringStrategyName>
<growthPercent>0</growthPercent>
<growthType>Year</growthType>
<maxVolumes>9999999</maxVolumes>
<minVolumes>0</minVolumes>
<normalForm>Third</normalForm>
<attributes itemClass="oracle.dbtools.crest.model.design.logical.Attribute">
<Attribute name="cd_estoque_geral" id="12786825-461E-D50A-2DC7-1B5CEDFA0AF7">
<createdBy>Mayara</createdBy>
<createdTime>2017-08-27 19:54:03 UTC</createdTime>
<ownerDesignName>1TDSJ_2017_MMEDL_MODELO</ownerDesignName>
<engineerTo>
<item key="4187EF75-08CD-0AE7-B519-2E83656F30DE" value="true"/>
</engineerTo>
<useDomainConstraints>false</useDomainConstraints>
<use>1</use>
<logicalDatatype>LOGDT019</logicalDatatype>
<dataTypePrecision>10</dataTypePrecision>
<ownDataTypeParameters>,10,</ownDataTypeParameters>
</Attribute>
<Attribute name="cd_filial" id="F3FCA1CE-E8ED-26AB-7BAC-7CBDBC5FAEB7">
<createdBy>logonrm</createdBy>
<createdTime>2017-09-18 12:44:13 UTC</createdTime>
<generatorID>00C240BC-98DB-A4C8-7D10-DD378B07C724</generatorID>
<ownerDesignName>1TDSJ_2017_MMEDL_MODELO</ownerDesignName>
<engineerTo>
<item key="4187EF75-08CD-0AE7-B519-2E83656F30DE" value="true"/>
</engineerTo>
<referedAttribute>B41D0B5A-D563-6A8C-E5DB-F4DE91620DA8</referedAttribute>
<useDomainConstraints>false</useDomainConstraints>
<use>1</use>
<logicalDatatype>LOGDT019</logicalDatatype>
<dataTypePrecision>10</dataTypePrecision>
<ownDataTypeParameters>,,</ownDataTypeParameters>
</Attribute>
<Attribute name="cd_produto" id="ACA218F9-2B64-5B4C-F4B2-BF4CB7C7C4AA">
<createdBy>logonrm</createdBy>
<createdTime>2017-09-18 12:44:13 UTC</createdTime>
<generatorID>00C240BC-98DB-A4C8-7D10-DD378B07C724</generatorID>
<ownerDesignName>1TDSJ_2017_MMEDL_MODELO</ownerDesignName>
<engineerTo>
<item key="4187EF75-08CD-0AE7-B519-2E83656F30DE" value="true"/>
</engineerTo>
<referedAttribute>B22F8C6F-3CF3-9895-DD54-E53C06C427D4</referedAttribute>
<useDomainConstraints>false</useDomainConstraints>
<use>1</use>
<logicalDatatype>LOGDT019</logicalDatatype>
<dataTypePrecision>10</dataTypePrecision>
<ownDataTypeParameters>,,</ownDataTypeParameters>
</Attribute>
<Attribute name="qt_estoque_geral" id="BD10365F-C492-F1B7-804C-5A0BA2891B96">
<createdBy>Mayara</createdBy>
<createdTime>2017-08-27 19:56:37 UTC</createdTime>
<ownerDesignName>1TDSJ_2017_MMEDL_MODELO</ownerDesignName>
<engineerTo>
<item key="4187EF75-08CD-0AE7-B519-2E83656F30DE" value="true"/>
</engineerTo>
<useDomainConstraints>false</useDomainConstraints>
<use>1</use>
<logicalDatatype>LOGDT019</logicalDatatype>
<dataTypePrecision>10</dataTypePrecision>
<ownDataTypeParameters>,10,</ownDataTypeParameters>
</Attribute>
<Attribute name="qt_minima_est_geral" id="09B84D56-EA43-0C49-BF68-3D7BC09FD756">
<createdBy>Mayara</createdBy>
<createdTime>2017-08-27 19:53:37 UTC</createdTime>
<ownerDesignName>1TDSJ_2017_MMEDL_MODELO</ownerDesignName>
<engineerTo>
<item key="4187EF75-08CD-0AE7-B519-2E83656F30DE" value="true"/>
</engineerTo>
<useDomainConstraints>false</useDomainConstraints>
<use>1</use>
<logicalDatatype>LOGDT019</logicalDatatype>
<dataTypePrecision>10</dataTypePrecision>
<ownDataTypeParameters>,10,</ownDataTypeParameters>
</Attribute>
</attributes>
<identifiers itemClass="oracle.dbtools.crest.model.design.logical.CandidateKey">
<identifier id="675CC6C7-3552-1182-0A25-FF69D4249966" name="T_GCS_ESTOQUEGERAL PK">
<createdBy>Mayara</createdBy>
<createdTime>2017-08-27 19:54:09 UTC</createdTime>
<ownerDesignName>1TDSJ_2017_MMEDL_MODELO</ownerDesignName>
<engineerTo>
<item key="4187EF75-08CD-0AE7-B519-2E83656F30DE" value="true"/>
</engineerTo>
<pk>true</pk>
<newElementsIDs>12786825-461E-D50A-2DC7-1B5CEDFA0AF7</newElementsIDs>
<usedAttributes>
<attributeRef>12786825-461E-D50A-2DC7-1B5CEDFA0AF7</attributeRef>
</usedAttributes>
</identifier>
</identifiers>
</Entity>