<?xml version = '1.0' encoding = 'UTF-8'?>
<Entity class="oracle.dbtools.crest.model.design.logical.Entity" directorySegmentName="seg_0" id="6887FCF8-4B36-580F-F796-F354DAA2143E" name="T_GCS_PESSOA_FONE">
<createdBy>Mayara</createdBy>
<createdTime>2017-08-27 16:18:44 UTC</createdTime>
<ownerDesignName>1TDSJ_2017_MMEDL_MODELO</ownerDesignName>
<engineerTo>
<item key="4187EF75-08CD-0AE7-B519-2E83656F30DE" value="true"/>
</engineerTo>
<adequatelyNormalized>NO</adequatelyNormalized>
<expectedVolumes>0</expectedVolumes>
<fwdEngineeringStrategyName>Single Table</fwdEngineeringStrategyName>
<growthPercent>0</growthPercent>
<growthType>Year</growthType>
<maxVolumes>9999999</maxVolumes>
<minVolumes>0</minVolumes>
<normalForm>Third</normalForm>
<attributes itemClass="oracle.dbtools.crest.model.design.logical.Attribute">
<Attribute name="cd_pessoa" id="50C793BB-E151-6DF2-0395-4E773042528A">
<createdBy>Mayara</createdBy>
<createdTime>2017-08-27 20:50:23 UTC</createdTime>
<generatorID>50EAEBC1-B7EA-6B18-B618-FE7FFF3EE3CF</generatorID>
<ownerDesignName>1TDSJ_2017_MMEDL_MODELO</ownerDesignName>
<engineerTo>
<item key="4187EF75-08CD-0AE7-B519-2E83656F30DE" value="true"/>
</engineerTo>
<referedAttribute>AEAD8BB8-3095-459F-00AC-91AA884CBCA0</referedAttribute>
<useDomainConstraints>false</useDomainConstraints>
<use>1</use>
<logicalDatatype>LOGDT019</logicalDatatype>
<dataTypePrecision>10</dataTypePrecision>
<ownDataTypeParameters>,10,</ownDataTypeParameters>
</Attribute>
<Attribute name="nr_fone_completo" id="E7C0D633-C824-2186-C18A-17E26124774B">
<createdBy>Mayara</createdBy>
<createdTime>2017-08-27 21:20:57 UTC</createdTime>
<generatorID>04057492-C048-779B-BD93-262D613A9CF6</generatorID>
<ownerDesignName>1TDSJ_2017_MMEDL_MODELO</ownerDesignName>
<engineerTo>
<item key="4187EF75-08CD-0AE7-B519-2E83656F30DE" value="true"/>
</engineerTo>
<referedAttribute>F08EA1D9-8759-EA8E-2653-A1737057C504</referedAttribute>
<useDomainConstraints>false</useDomainConstraints>
<use>1</use>
<logicalDatatype>LOGDT019</logicalDatatype>
<dataTypePrecision>12</dataTypePrecision>
<ownDataTypeParameters>,12,</ownDataTypeParameters>
</Attribute>
<Attribute name="nr_ramal" id="7099B221-F355-181B-374B-053F9D59E2E0">
<createdBy>Mayara</createdBy>
<createdTime>2017-08-27 17:26:10 UTC</createdTime>
<ownerDesignName>1TDSJ_2017_MMEDL_MODELO</ownerDesignName>
<engineerTo>
<item key="4187EF75-08CD-0AE7-B519-2E83656F30DE" value="true"/>
</engineerTo>
<useDomainConstraints>false</useDomainConstraints>
<use>1</use>
<logicalDatatype>LOGDT019</logicalDatatype>
<dataTypePrecision>4</dataTypePrecision>
<ownDataTypeParameters>,4,</ownDataTypeParameters>
</Attribute>
</attributes>
<identifiers itemClass="oracle.dbtools.crest.model.design.logical.CandidateKey">
<identifier id="54C4C2BD-09C6-F2B3-C4B2-18EF7717AD8A" name="T_GCS_PESSOA_FONE PK">
<createdBy>Mayara</createdBy>
<createdTime>2017-08-27 17:25:26 UTC</createdTime>
<ownerDesignName>1TDSJ_2017_MMEDL_MODELO</ownerDesignName>
<engineerTo>
<item key="4187EF75-08CD-0AE7-B519-2E83656F30DE" value="true"/>
</engineerTo>
<pk>true</pk>
<newElementsIDs>50EAEBC1-B7EA-6B18-B618-FE7FFF3EE3CF,04057492-C048-779B-BD93-262D613A9CF6</newElementsIDs>
<usedAttributes>
<attributeRef>50C793BB-E151-6DF2-0395-4E773042528A</attributeRef>
<attributeRef>E7C0D633-C824-2186-C18A-17E26124774B</attributeRef>
</usedAttributes>
</identifier>
</identifiers>
</Entity>