<?xml version = '1.0' encoding = 'UTF-8'?>
<Entity class="oracle.dbtools.crest.model.design.logical.Entity" directorySegmentName="seg_0" id="787CBA69-F359-34FF-F694-43A80BF205B1" name="T_GCS_ORDEM_COMPRA_PRIMA">
<createdBy>Mayara</createdBy>
<createdTime>2017-08-29 17:11:12 UTC</createdTime>
<ownerDesignName>1TDSJ_2017_MMEDL_MODELO</ownerDesignName>
<engineerTo>
<item key="4187EF75-08CD-0AE7-B519-2E83656F30DE" value="true"/>
</engineerTo>
<adequatelyNormalized>NO</adequatelyNormalized>
<expectedVolumes>0</expectedVolumes>
<fwdEngineeringStrategyName>Single Table</fwdEngineeringStrategyName>
<growthPercent>0</growthPercent>
<growthType>Year</growthType>
<maxVolumes>9999999</maxVolumes>
<minVolumes>0</minVolumes>
<normalForm>Third</normalForm>
<attributes itemClass="oracle.dbtools.crest.model.design.logical.Attribute">
<Attribute name="cd_ordem_compra" id="BD9CC039-6A0D-67E0-C880-4E40A20C2253">
<createdBy>Mayara</createdBy>
<createdTime>2017-08-29 17:40:31 UTC</createdTime>
<ownerDesignName>1TDSJ_2017_MMEDL_MODELO</ownerDesignName>
<engineerTo>
<item key="4187EF75-08CD-0AE7-B519-2E83656F30DE" value="true"/>
</engineerTo>
<useDomainConstraints>false</useDomainConstraints>
<use>1</use>
<logicalDatatype>LOGDT019</logicalDatatype>
<dataTypePrecision>10</dataTypePrecision>
<ownDataTypeParameters>,10,</ownDataTypeParameters>
</Attribute>
<Attribute name="cd_materia_prima" id="74C3A228-F548-1A6D-C2AB-523CEA64D641">
<createdBy>logonrm</createdBy>
<createdTime>2017-09-18 13:43:10 UTC</createdTime>
<generatorID>E2B2E173-41DF-B320-6940-AE436A4215D3</generatorID>
<ownerDesignName>1TDSJ_2017_MMEDL_MODELO</ownerDesignName>
<engineerTo>
<item key="4187EF75-08CD-0AE7-B519-2E83656F30DE" value="true"/>
</engineerTo>
<referedAttribute>765DD601-B9A0-5F09-5E03-00BD597C39DF</referedAttribute>
<useDomainConstraints>false</useDomainConstraints>
<use>1</use>
<logicalDatatype>LOGDT019</logicalDatatype>
<dataTypePrecision>10</dataTypePrecision>
<ownDataTypeParameters>,,</ownDataTypeParameters>
</Attribute>
<Attribute name="cd_fornecedor" id="94324C39-35A8-EED0-3E9B-62E0FA2289B7">
<createdBy>logonrm</createdBy>
<createdTime>2017-09-18 13:43:10 UTC</createdTime>
<generatorID>E2B2E173-41DF-B320-6940-AE436A4215D3</generatorID>
<ownerDesignName>1TDSJ_2017_MMEDL_MODELO</ownerDesignName>
<engineerTo>
<item key="4187EF75-08CD-0AE7-B519-2E83656F30DE" value="true"/>
</engineerTo>
<referedAttribute>3EE672D9-7A3F-64F8-51FF-890A44BF3CB6</referedAttribute>
<useDomainConstraints>false</useDomainConstraints>
<use>1</use>
<logicalDatatype>LOGDT019</logicalDatatype>
<dataTypePrecision>10</dataTypePrecision>
<ownDataTypeParameters>,,</ownDataTypeParameters>
</Attribute>
<Attribute name="qt_materia_prima" id="E30C3F83-40EE-48C8-8621-E53267B4BD98">
<createdBy>Mayara</createdBy>
<createdTime>2017-08-29 19:32:06 UTC</createdTime>
<ownerDesignName>1TDSJ_2017_MMEDL_MODELO</ownerDesignName>
<engineerTo>
<item key="4187EF75-08CD-0AE7-B519-2E83656F30DE" value="true"/>
</engineerTo>
<useDomainConstraints>false</useDomainConstraints>
<use>1</use>
<logicalDatatype>LOGDT019</logicalDatatype>
<dataTypePrecision>10</dataTypePrecision>
<ownDataTypeParameters>,10,</ownDataTypeParameters>
</Attribute>
<Attribute name="dt_ordem_compra" id="5F47F3E2-9B3A-D1FA-00B9-A90E8553B5C0">
<createdBy>Mayara</createdBy>
<createdTime>2017-08-29 19:32:43 UTC</createdTime>
<ownerDesignName>1TDSJ_2017_MMEDL_MODELO</ownerDesignName>
<engineerTo>
<item key="4187EF75-08CD-0AE7-B519-2E83656F30DE" value="true"/>
</engineerTo>
<useDomainConstraints>false</useDomainConstraints>
<use>1</use>
<logicalDatatype>LOGDT007</logicalDatatype>
<ownDataTypeParameters>,,</ownDataTypeParameters>
</Attribute>
</attributes>
<identifiers itemClass="oracle.dbtools.crest.model.design.logical.CandidateKey">
<identifier id="DF628FD2-B7EE-7C1A-7C91-F215D3235CB9" name="T_GCS_ORDEM_COMPRA_PRIMA PK">
<createdBy>Mayara</createdBy>
<createdTime>2017-08-29 17:15:11 UTC</createdTime>
<ownerDesignName>1TDSJ_2017_MMEDL_MODELO</ownerDesignName>
<engineerTo>
<item key="4187EF75-08CD-0AE7-B519-2E83656F30DE" value="true"/>
</engineerTo>
<pk>true</pk>
<usedAttributes>
<attributeRef>BD9CC039-6A0D-67E0-C880-4E40A20C2253</attributeRef>
</usedAttributes>
</identifier>
</identifiers>
</Entity>