<?xml version = '1.0' encoding = 'UTF-8'?>
<Entity class="oracle.dbtools.crest.model.design.logical.Entity" directorySegmentName="seg_0" id="A4DCFF57-73D0-A7FA-8A30-0B132DAE4F61" name="T_GCS_TIPO_FONE">
<createdBy>Mayara</createdBy>
<createdTime>2017-08-27 16:20:55 UTC</createdTime>
<ownerDesignName>1TDSJ_2017_MMEDL_MODELO</ownerDesignName>
<engineerTo>
<item key="4187EF75-08CD-0AE7-B519-2E83656F30DE" value="true"/>
</engineerTo>
<adequatelyNormalized>NO</adequatelyNormalized>
<expectedVolumes>0</expectedVolumes>
<fwdEngineeringStrategyName>Single Table</fwdEngineeringStrategyName>
<growthPercent>0</growthPercent>
<growthType>Year</growthType>
<maxVolumes>9999999</maxVolumes>
<minVolumes>0</minVolumes>
<normalForm>Third</normalForm>
<attributes itemClass="oracle.dbtools.crest.model.design.logical.Attribute">
<Attribute name="cd_tipo_fone" id="74DA05B9-2AEE-9E48-39EA-0E54B5F4D5C8">
<createdBy>Mayara</createdBy>
<createdTime>2017-08-27 17:32:02 UTC</createdTime>
<ownerDesignName>1TDSJ_2017_MMEDL_MODELO</ownerDesignName>
<engineerTo>
<item key="4187EF75-08CD-0AE7-B519-2E83656F30DE" value="true"/>
</engineerTo>
<useDomainConstraints>false</useDomainConstraints>
<use>1</use>
<logicalDatatype>LOGDT019</logicalDatatype>
<dataTypePrecision>10</dataTypePrecision>
<ownDataTypeParameters>,10,</ownDataTypeParameters>
</Attribute>
<Attribute name="ds_tipo_fone" id="99988F99-164B-608C-0810-1EC784E8E4F8">
<createdBy>Mayara</createdBy>
<createdTime>2017-08-27 17:32:11 UTC</createdTime>
<ownerDesignName>1TDSJ_2017_MMEDL_MODELO</ownerDesignName>
<engineerTo>
<item key="4187EF75-08CD-0AE7-B519-2E83656F30DE" value="true"/>
</engineerTo>
<useDomainConstraints>false</useDomainConstraints>
<use>1</use>
<logicalDatatype>LOGDT024</logicalDatatype>
<dataTypeSize>30</dataTypeSize>
<ownDataTypeParameters>30,,</ownDataTypeParameters>
</Attribute>
</attributes>
<identifiers itemClass="oracle.dbtools.crest.model.design.logical.CandidateKey">
<identifier id="79C3331F-0ACA-2209-BCE5-CA5948A51FF7" name="T_GCS_TIPO_FONE PK">
<createdBy>Mayara</createdBy>
<createdTime>2017-08-27 17:32:09 UTC</createdTime>
<ownerDesignName>1TDSJ_2017_MMEDL_MODELO</ownerDesignName>
<engineerTo>
<item key="4187EF75-08CD-0AE7-B519-2E83656F30DE" value="true"/>
</engineerTo>
<pk>true</pk>
<newElementsIDs>74DA05B9-2AEE-9E48-39EA-0E54B5F4D5C8</newElementsIDs>
<usedAttributes>
<attributeRef>74DA05B9-2AEE-9E48-39EA-0E54B5F4D5C8</attributeRef>
</usedAttributes>
</identifier>
</identifiers>
</Entity>