<?xml version = '1.0' encoding = 'UTF-8'?>
<Entity class="oracle.dbtools.crest.model.design.logical.Entity" directorySegmentName="seg_0" id="A7620774-36D8-6679-0572-B393720A1672" name="T_GCS_PRIMA_FORNECEDOR">
<createdBy>Mayara</createdBy>
<createdTime>2017-08-27 16:41:38 UTC</createdTime>
<ownerDesignName>1TDSJ_2017_MMEDL_MODELO</ownerDesignName>
<engineerTo>
<item key="4187EF75-08CD-0AE7-B519-2E83656F30DE" value="true"/>
</engineerTo>
<adequatelyNormalized>NO</adequatelyNormalized>
<expectedVolumes>0</expectedVolumes>
<fwdEngineeringStrategyName>Single Table</fwdEngineeringStrategyName>
<growthPercent>0</growthPercent>
<growthType>Year</growthType>
<maxVolumes>9999999</maxVolumes>
<minVolumes>0</minVolumes>
<normalForm>Third</normalForm>
<attributes itemClass="oracle.dbtools.crest.model.design.logical.Attribute">
<Attribute name="cd_materia_prima" id="765DD601-B9A0-5F09-5E03-00BD597C39DF">
<createdBy>Mayara</createdBy>
<createdTime>2017-08-27 18:56:01 UTC</createdTime>
<generatorID>EDADD79B-81DA-6499-957C-777FBA8D5304</generatorID>
<ownerDesignName>1TDSJ_2017_MMEDL_MODELO</ownerDesignName>
<engineerTo>
<item key="4187EF75-08CD-0AE7-B519-2E83656F30DE" value="true"/>
</engineerTo>
<referedAttribute>DFC0EF47-6D84-42BF-7470-24D42D434656</referedAttribute>
<useDomainConstraints>false</useDomainConstraints>
<use>1</use>
<logicalDatatype>LOGDT019</logicalDatatype>
<dataTypePrecision>10</dataTypePrecision>
<ownDataTypeParameters>,10,</ownDataTypeParameters>
</Attribute>
<Attribute name="cd_fornecedor" id="3EE672D9-7A3F-64F8-51FF-890A44BF3CB6">
<createdBy>Mayara</createdBy>
<createdTime>2017-08-27 21:11:38 UTC</createdTime>
<generatorID>0DBB30F0-E0F9-9115-98AD-E815C28A7CA5</generatorID>
<ownerDesignName>1TDSJ_2017_MMEDL_MODELO</ownerDesignName>
<engineerTo>
<item key="4187EF75-08CD-0AE7-B519-2E83656F30DE" value="true"/>
</engineerTo>
<referedAttribute>2FBDCEDE-A52A-C022-D184-6AC2D3D2720D</referedAttribute>
<useDomainConstraints>false</useDomainConstraints>
<use>1</use>
<logicalDatatype>LOGDT019</logicalDatatype>
<dataTypePrecision>10</dataTypePrecision>
<ownDataTypeParameters>,,</ownDataTypeParameters>
</Attribute>
</attributes>
<identifiers itemClass="oracle.dbtools.crest.model.design.logical.CandidateKey">
<identifier id="8B4DD315-6ACC-8567-DECA-333A08404749" name="T_GCS_PRIMA_FORNECEDOR PK">
<createdBy>Mayara</createdBy>
<createdTime>2017-08-27 20:14:10 UTC</createdTime>
<ownerDesignName>1TDSJ_2017_MMEDL_MODELO</ownerDesignName>
<engineerTo>
<item key="4187EF75-08CD-0AE7-B519-2E83656F30DE" value="true"/>
</engineerTo>
<pk>true</pk>
<newElementsIDs>EDADD79B-81DA-6499-957C-777FBA8D5304,0DBB30F0-E0F9-9115-98AD-E815C28A7CA5</newElementsIDs>
<usedAttributes>
<attributeRef>765DD601-B9A0-5F09-5E03-00BD597C39DF</attributeRef>
<attributeRef>3EE672D9-7A3F-64F8-51FF-890A44BF3CB6</attributeRef>
</usedAttributes>
</identifier>
</identifiers>
</Entity>