<?xml version = '1.0' encoding = 'UTF-8'?>
<Entity class="oracle.dbtools.crest.model.design.logical.Entity" directorySegmentName="seg_0" id="A999EAEB-DB18-3FC8-07F5-031B7CD5793D" name="T_GCS_ITEM">
<createdBy>Mayara</createdBy>
<createdTime>2017-08-27 16:44:47 UTC</createdTime>
<ownerDesignName>1TDSJ_2017_MMEDL_MODELO</ownerDesignName>
<engineerTo>
<item key="4187EF75-08CD-0AE7-B519-2E83656F30DE" value="true"/>
</engineerTo>
<adequatelyNormalized>NO</adequatelyNormalized>
<expectedVolumes>0</expectedVolumes>
<fwdEngineeringStrategyName>Single Table</fwdEngineeringStrategyName>
<growthPercent>0</growthPercent>
<growthType>Year</growthType>
<maxVolumes>9999999</maxVolumes>
<minVolumes>0</minVolumes>
<normalForm>Third</normalForm>
<attributes itemClass="oracle.dbtools.crest.model.design.logical.Attribute">
<Attribute name="cd_pedido" id="FB90874D-F0D6-9D1D-4A61-3B400E5A10F3">
<createdBy>Mayara</createdBy>
<createdTime>2017-08-27 18:14:20 UTC</createdTime>
<generatorID>08820A69-33DA-D389-94D7-307379F87153</generatorID>
<ownerDesignName>1TDSJ_2017_MMEDL_MODELO</ownerDesignName>
<engineerTo>
<item key="4187EF75-08CD-0AE7-B519-2E83656F30DE" value="true"/>
</engineerTo>
<referedAttribute>07B95BB1-F83E-B2DB-D1B6-2C9795FFC9B0</referedAttribute>
<useDomainConstraints>false</useDomainConstraints>
<use>1</use>
<logicalDatatype>LOGDT019</logicalDatatype>
<dataTypePrecision>10</dataTypePrecision>
<ownDataTypeParameters>,,</ownDataTypeParameters>
</Attribute>
<Attribute name="cd_produto" id="322482F1-41CF-A35E-E2D9-EEF34BA2B027">
<createdBy>Mayara</createdBy>
<createdTime>2017-08-27 18:16:02 UTC</createdTime>
<generatorID>F9F7D990-959E-BD17-C901-CDED89BB567A</generatorID>
<ownerDesignName>1TDSJ_2017_MMEDL_MODELO</ownerDesignName>
<engineerTo>
<item key="4187EF75-08CD-0AE7-B519-2E83656F30DE" value="true"/>
</engineerTo>
<referedAttribute>F2A33734-A6A3-7433-AD9A-5F95C2C1AB62</referedAttribute>
<useDomainConstraints>false</useDomainConstraints>
<use>1</use>
<logicalDatatype>LOGDT019</logicalDatatype>
<dataTypePrecision>10</dataTypePrecision>
<ownDataTypeParameters>,,</ownDataTypeParameters>
</Attribute>
<Attribute name="vl_item" id="FF8EC7DE-B183-095A-6999-9243B36BAA64">
<createdBy>Mayara</createdBy>
<createdTime>2017-08-29 19:25:00 UTC</createdTime>
<ownerDesignName>1TDSJ_2017_MMEDL_MODELO</ownerDesignName>
<engineerTo>
<item key="4187EF75-08CD-0AE7-B519-2E83656F30DE" value="true"/>
</engineerTo>
<useDomainConstraints>false</useDomainConstraints>
<use>1</use>
<logicalDatatype>LOGDT019</logicalDatatype>
<dataTypePrecision>8</dataTypePrecision>
<dataTypeScale>2</dataTypeScale>
<ownDataTypeParameters>,8,2</ownDataTypeParameters>
</Attribute>
<Attribute name="qt_item" id="2FAFFF18-D293-E480-A8D0-4D19A5C6F115">
<createdBy>Mayara</createdBy>
<createdTime>2017-08-29 19:25:42 UTC</createdTime>
<ownerDesignName>1TDSJ_2017_MMEDL_MODELO</ownerDesignName>
<engineerTo>
<item key="4187EF75-08CD-0AE7-B519-2E83656F30DE" value="true"/>
</engineerTo>
<useDomainConstraints>false</useDomainConstraints>
<use>1</use>
<logicalDatatype>LOGDT019</logicalDatatype>
<dataTypePrecision>10</dataTypePrecision>
<ownDataTypeParameters>,10,</ownDataTypeParameters>
</Attribute>
</attributes>
<identifiers itemClass="oracle.dbtools.crest.model.design.logical.CandidateKey">
<identifier id="CDFE6C03-10D3-0B36-94A8-D6BC434F3486" name="T_GCS_ITENS PK">
<createdBy>Mayara</createdBy>
<createdTime>2017-08-27 18:14:27 UTC</createdTime>
<ownerDesignName>1TDSJ_2017_MMEDL_MODELO</ownerDesignName>
<engineerTo>
<item key="4187EF75-08CD-0AE7-B519-2E83656F30DE" value="true"/>
</engineerTo>
<pk>true</pk>
<newElementsIDs>08820A69-33DA-D389-94D7-307379F87153,F9F7D990-959E-BD17-C901-CDED89BB567A</newElementsIDs>
<usedAttributes>
<attributeRef>FB90874D-F0D6-9D1D-4A61-3B400E5A10F3</attributeRef>
<attributeRef>322482F1-41CF-A35E-E2D9-EEF34BA2B027</attributeRef>
</usedAttributes>
</identifier>
</identifiers>
</Entity>