<?xml version = '1.0' encoding = 'UTF-8'?>
<Entity class="oracle.dbtools.crest.model.design.logical.Entity" directorySegmentName="seg_0" id="AE9F8F0D-F464-3D4A-77BC-3143CBBBAF80" name="T_GCS_ESTOQUE_PRIMA">
<createdBy>Mayara</createdBy>
<createdTime>2017-08-27 19:48:56 UTC</createdTime>
<ownerDesignName>1TDSJ_2017_MMEDL_MODELO</ownerDesignName>
<engineerTo>
<item key="4187EF75-08CD-0AE7-B519-2E83656F30DE" value="true"/>
</engineerTo>
<adequatelyNormalized>NO</adequatelyNormalized>
<expectedVolumes>0</expectedVolumes>
<fwdEngineeringStrategyName>Single Table</fwdEngineeringStrategyName>
<growthPercent>0</growthPercent>
<growthType>Year</growthType>
<maxVolumes>9999999</maxVolumes>
<minVolumes>0</minVolumes>
<normalForm>Third</normalForm>
<attributes itemClass="oracle.dbtools.crest.model.design.logical.Attribute">
<Attribute name="cd_estoque_prima" id="244FCCB2-BB8F-B3A3-4C21-5B142E674546">
<createdBy>Mayara</createdBy>
<createdTime>2017-08-29 17:57:30 UTC</createdTime>
<ownerDesignName>1TDSJ_2017_MMEDL_MODELO</ownerDesignName>
<engineerTo>
<item key="4187EF75-08CD-0AE7-B519-2E83656F30DE" value="true"/>
</engineerTo>
<useDomainConstraints>false</useDomainConstraints>
<use>1</use>
<logicalDatatype>LOGDT019</logicalDatatype>
<dataTypePrecision>10</dataTypePrecision>
<ownDataTypeParameters>,10,</ownDataTypeParameters>
</Attribute>
<Attribute name="cd_materia_prima" id="C9FFB0DB-6359-4610-4BFA-1B5A4DB95650">
<createdBy>Mayara</createdBy>
<createdTime>2017-08-27 20:23:18 UTC</createdTime>
<generatorID>613A0119-6A97-DD73-8C6D-39324BC6B2EA</generatorID>
<ownerDesignName>1TDSJ_2017_MMEDL_MODELO</ownerDesignName>
<engineerTo>
<item key="4187EF75-08CD-0AE7-B519-2E83656F30DE" value="true"/>
</engineerTo>
<referedAttribute>DFC0EF47-6D84-42BF-7470-24D42D434656</referedAttribute>
<useDomainConstraints>false</useDomainConstraints>
<use>1</use>
<logicalDatatype>LOGDT019</logicalDatatype>
<dataTypePrecision>10</dataTypePrecision>
<ownDataTypeParameters>,,</ownDataTypeParameters>
</Attribute>
<Attribute name="qt_estoque_prima" id="673BA136-B638-F3A1-6E6E-0D7EDA3A618E">
<createdBy>Mayara</createdBy>
<createdTime>2017-08-27 19:49:32 UTC</createdTime>
<ownerDesignName>1TDSJ_2017_MMEDL_MODELO</ownerDesignName>
<engineerTo>
<item key="4187EF75-08CD-0AE7-B519-2E83656F30DE" value="true"/>
</engineerTo>
<useDomainConstraints>false</useDomainConstraints>
<use>1</use>
<logicalDatatype>LOGDT019</logicalDatatype>
<dataTypePrecision>10</dataTypePrecision>
<ownDataTypeParameters>,10,</ownDataTypeParameters>
</Attribute>
<Attribute name="dt_entrada_prima" id="BA7F20E2-5EA1-5386-649B-E95735B24992">
<createdBy>logonrm</createdBy>
<createdTime>2017-08-31 12:38:38 UTC</createdTime>
<ownerDesignName>1TDSJ_2017_MMEDL_MODELO</ownerDesignName>
<engineerTo>
<item key="4187EF75-08CD-0AE7-B519-2E83656F30DE" value="true"/>
</engineerTo>
<useDomainConstraints>false</useDomainConstraints>
<use>1</use>
<logicalDatatype>LOGDT007</logicalDatatype>
<ownDataTypeParameters>,,</ownDataTypeParameters>
</Attribute>
<Attribute name="qt_minima_est_prima" id="4AD8E3DF-DDB5-65EE-6FE0-22C1191642DC">
<createdBy>logonrm</createdBy>
<createdTime>2017-09-13 14:39:03 UTC</createdTime>
<ownerDesignName>1TDSJ_2017_MMEDL_MODELO</ownerDesignName>
<engineerTo>
<item key="4187EF75-08CD-0AE7-B519-2E83656F30DE" value="true"/>
</engineerTo>
<useDomainConstraints>false</useDomainConstraints>
<use>1</use>
<logicalDatatype>LOGDT019</logicalDatatype>
<dataTypePrecision>4</dataTypePrecision>
<ownDataTypeParameters>,4,</ownDataTypeParameters>
</Attribute>
</attributes>
<identifiers itemClass="oracle.dbtools.crest.model.design.logical.CandidateKey">
<identifier id="9CB69634-4B70-AFF7-2434-39BF83A3E1A1" name="T_GCS_ESTOQUE_MATERIA_PRIMA PK">
<createdBy>Mayara</createdBy>
<createdTime>2017-08-27 19:49:28 UTC</createdTime>
<ownerDesignName>1TDSJ_2017_MMEDL_MODELO</ownerDesignName>
<engineerTo>
<item key="4187EF75-08CD-0AE7-B519-2E83656F30DE" value="true"/>
</engineerTo>
<pk>true</pk>
<newElementsIDs>244FCCB2-BB8F-B3A3-4C21-5B142E674546,613A0119-6A97-DD73-8C6D-39324BC6B2EA</newElementsIDs>
<usedAttributes>
<attributeRef>244FCCB2-BB8F-B3A3-4C21-5B142E674546</attributeRef>
<attributeRef>C9FFB0DB-6359-4610-4BFA-1B5A4DB95650</attributeRef>
</usedAttributes>
</identifier>
</identifiers>
</Entity>