<?xml version = '1.0' encoding = 'UTF-8'?>
<Entity class="oracle.dbtools.crest.model.design.logical.Entity" directorySegmentName="seg_0" id="BF1A7091-EF34-F1A6-69C1-D86BEAE2B3A8" name="T_GCS_CIDADE">
<createdBy>Mayara</createdBy>
<createdTime>2017-08-27 16:17:09 UTC</createdTime>
<ownerDesignName>1TDSJ_2017_MMEDL_MODELO</ownerDesignName>
<engineerTo>
<item key="4187EF75-08CD-0AE7-B519-2E83656F30DE" value="true"/>
</engineerTo>
<adequatelyNormalized>NO</adequatelyNormalized>
<expectedVolumes>0</expectedVolumes>
<fwdEngineeringStrategyName>Single Table</fwdEngineeringStrategyName>
<growthPercent>0</growthPercent>
<growthType>Year</growthType>
<maxVolumes>9999999</maxVolumes>
<minVolumes>0</minVolumes>
<normalForm>Third</normalForm>
<attributes itemClass="oracle.dbtools.crest.model.design.logical.Attribute">
<Attribute name="cd_cidade" id="FA64EED9-14DD-3A22-FC1B-30414E87DAEE">
<createdBy>Mayara</createdBy>
<createdTime>2017-08-27 17:44:04 UTC</createdTime>
<ownerDesignName>1TDSJ_2017_MMEDL_MODELO</ownerDesignName>
<engineerTo>
<item key="4187EF75-08CD-0AE7-B519-2E83656F30DE" value="true"/>
</engineerTo>
<useDomainConstraints>false</useDomainConstraints>
<use>1</use>
<logicalDatatype>LOGDT019</logicalDatatype>
<dataTypePrecision>10</dataTypePrecision>
<ownDataTypeParameters>,10,</ownDataTypeParameters>
</Attribute>
<Attribute name="cd_estado" id="313A1346-749C-6BB4-266B-0FC47128B882">
<createdBy>Mayara</createdBy>
<createdTime>2017-08-27 17:45:50 UTC</createdTime>
<generatorID>ECDF6885-D591-6DA4-EF73-1845AC7FBABF</generatorID>
<ownerDesignName>1TDSJ_2017_MMEDL_MODELO</ownerDesignName>
<engineerTo>
<item key="4187EF75-08CD-0AE7-B519-2E83656F30DE" value="true"/>
</engineerTo>
<referedAttribute>52C0E531-50E8-9FAC-CF60-E32586E3AE44</referedAttribute>
<useDomainConstraints>false</useDomainConstraints>
<use>1</use>
<logicalDatatype>LOGDT019</logicalDatatype>
<dataTypePrecision>10</dataTypePrecision>
<ownDataTypeParameters>,10,</ownDataTypeParameters>
</Attribute>
<Attribute name="nm_cidade" id="F78351EE-9414-93CB-0D55-6A224EE07113">
<createdBy>Mayara</createdBy>
<createdTime>2017-08-27 17:44:09 UTC</createdTime>
<ownerDesignName>1TDSJ_2017_MMEDL_MODELO</ownerDesignName>
<engineerTo>
<item key="4187EF75-08CD-0AE7-B519-2E83656F30DE" value="true"/>
</engineerTo>
<useDomainConstraints>false</useDomainConstraints>
<use>1</use>
<logicalDatatype>LOGDT024</logicalDatatype>
<dataTypeSize>30</dataTypeSize>
<ownDataTypeParameters>30,,</ownDataTypeParameters>
</Attribute>
</attributes>
<identifiers itemClass="oracle.dbtools.crest.model.design.logical.CandidateKey">
<identifier id="6D2C7FD3-EEFE-9EC1-2C7C-BB3992E36FE5" name="T_GCS_CIDADE PK">
<createdBy>Mayara</createdBy>
<createdTime>2017-08-27 17:44:08 UTC</createdTime>
<ownerDesignName>1TDSJ_2017_MMEDL_MODELO</ownerDesignName>
<engineerTo>
<item key="4187EF75-08CD-0AE7-B519-2E83656F30DE" value="true"/>
</engineerTo>
<pk>true</pk>
<newElementsIDs>FA64EED9-14DD-3A22-FC1B-30414E87DAEE</newElementsIDs>
<usedAttributes>
<attributeRef>FA64EED9-14DD-3A22-FC1B-30414E87DAEE</attributeRef>
</usedAttributes>
</identifier>
</identifiers>
</Entity>