<?xml version = '1.0' encoding = 'UTF-8'?>
<Entity class="oracle.dbtools.crest.model.design.logical.Entity" directorySegmentName="seg_0" id="D95B59F7-4771-5FCF-71C5-93A0E14170D6" name="T_GCS_TIPO_LOGRADOURO">
<createdBy>Mayara</createdBy>
<createdTime>2017-08-27 16:15:51 UTC</createdTime>
<ownerDesignName>1TDSJ_2017_MMEDL_MODELO</ownerDesignName>
<engineerTo>
<item key="4187EF75-08CD-0AE7-B519-2E83656F30DE" value="true"/>
</engineerTo>
<adequatelyNormalized>NO</adequatelyNormalized>
<expectedVolumes>0</expectedVolumes>
<fwdEngineeringStrategyName>Single Table</fwdEngineeringStrategyName>
<growthPercent>0</growthPercent>
<growthType>Year</growthType>
<maxVolumes>9999999</maxVolumes>
<minVolumes>0</minVolumes>
<normalForm>Third</normalForm>
<attributes itemClass="oracle.dbtools.crest.model.design.logical.Attribute">
<Attribute name="cd_tipo_log" id="B8043969-B1C8-BCAA-ADE2-BE0932CFA8F6">
<createdBy>Mayara</createdBy>
<createdTime>2017-08-27 17:43:06 UTC</createdTime>
<ownerDesignName>1TDSJ_2017_MMEDL_MODELO</ownerDesignName>
<engineerTo>
<item key="4187EF75-08CD-0AE7-B519-2E83656F30DE" value="true"/>
</engineerTo>
<useDomainConstraints>false</useDomainConstraints>
<use>1</use>
<logicalDatatype>LOGDT019</logicalDatatype>
<dataTypePrecision>10</dataTypePrecision>
<ownDataTypeParameters>,10,</ownDataTypeParameters>
</Attribute>
<Attribute name="ds_tipo_log" id="618DD35D-21E7-3FB1-2E18-EBBF81E97D72">
<createdBy>Mayara</createdBy>
<createdTime>2017-08-27 17:43:15 UTC</createdTime>
<ownerDesignName>1TDSJ_2017_MMEDL_MODELO</ownerDesignName>
<engineerTo>
<item key="4187EF75-08CD-0AE7-B519-2E83656F30DE" value="true"/>
</engineerTo>
<useDomainConstraints>false</useDomainConstraints>
<use>1</use>
<logicalDatatype>LOGDT024</logicalDatatype>
<dataTypeSize>30</dataTypeSize>
<ownDataTypeParameters>30,,</ownDataTypeParameters>
</Attribute>
</attributes>
<identifiers itemClass="oracle.dbtools.crest.model.design.logical.CandidateKey">
<identifier id="C3370F69-EAB1-0C80-1A4F-D28822337E05" name="T_GCS_TIPO_LOGRADOURO PK">
<createdBy>Mayara</createdBy>
<createdTime>2017-08-27 17:43:12 UTC</createdTime>
<ownerDesignName>1TDSJ_2017_MMEDL_MODELO</ownerDesignName>
<engineerTo>
<item key="4187EF75-08CD-0AE7-B519-2E83656F30DE" value="true"/>
</engineerTo>
<pk>true</pk>
<newElementsIDs>B8043969-B1C8-BCAA-ADE2-BE0932CFA8F6</newElementsIDs>
<usedAttributes>
<attributeRef>B8043969-B1C8-BCAA-ADE2-BE0932CFA8F6</attributeRef>
</usedAttributes>
</identifier>
</identifiers>
</Entity>