<?xml version = '1.0' encoding = 'UTF-8'?>
<Entity class="oracle.dbtools.crest.model.design.logical.Entity" directorySegmentName="seg_0" id="E97EE597-8493-9C8B-28F2-BD5478CB5164" name="T_GCS_ITEM_PRODUCAO">
<createdBy>logonrm</createdBy>
<createdTime>2017-09-13 14:18:04 UTC</createdTime>
<ownerDesignName>1TDSJ_2017_MMEDL_MODELO</ownerDesignName>
<engineerTo>
<item key="4187EF75-08CD-0AE7-B519-2E83656F30DE" value="true"/>
</engineerTo>
<adequatelyNormalized>NO</adequatelyNormalized>
<expectedVolumes>0</expectedVolumes>
<fwdEngineeringStrategyName>Single Table</fwdEngineeringStrategyName>
<growthPercent>0</growthPercent>
<growthType>Year</growthType>
<maxVolumes>9999999</maxVolumes>
<minVolumes>0</minVolumes>
<normalForm>Third</normalForm>
<attributes itemClass="oracle.dbtools.crest.model.design.logical.Attribute">
<Attribute name="cd_estoque_prima" id="9A43D535-E268-875F-C816-39B36E3399B1">
<createdBy>logonrm</createdBy>
<createdTime>2017-09-13 14:19:47 UTC</createdTime>
<generatorID>1DA60B46-B719-DDF4-2817-66D26C756F87</generatorID>
<ownerDesignName>1TDSJ_2017_MMEDL_MODELO</ownerDesignName>
<engineerTo>
<item key="4187EF75-08CD-0AE7-B519-2E83656F30DE" value="true"/>
</engineerTo>
<referedAttribute>244FCCB2-BB8F-B3A3-4C21-5B142E674546</referedAttribute>
<useDomainConstraints>false</useDomainConstraints>
<use>1</use>
<logicalDatatype>LOGDT019</logicalDatatype>
<dataTypePrecision>10</dataTypePrecision>
<ownDataTypeParameters>,,</ownDataTypeParameters>
</Attribute>
<Attribute name="cd_materia_prima" id="1D9BE1F6-EE6E-6FDB-9E6E-59EDC18F8189">
<createdBy>logonrm</createdBy>
<createdTime>2017-09-13 14:19:47 UTC</createdTime>
<generatorID>1DA60B46-B719-DDF4-2817-66D26C756F87</generatorID>
<ownerDesignName>1TDSJ_2017_MMEDL_MODELO</ownerDesignName>
<engineerTo>
<item key="4187EF75-08CD-0AE7-B519-2E83656F30DE" value="true"/>
</engineerTo>
<referedAttribute>C9FFB0DB-6359-4610-4BFA-1B5A4DB95650</referedAttribute>
<useDomainConstraints>false</useDomainConstraints>
<use>1</use>
<logicalDatatype>LOGDT019</logicalDatatype>
<dataTypePrecision>10</dataTypePrecision>
<ownDataTypeParameters>,,</ownDataTypeParameters>
</Attribute>
<Attribute name="cd_lote_producao" id="8A508390-8C80-2CD2-8EF0-748EC09FB1C6">
<createdBy>logonrm</createdBy>
<createdTime>2017-09-13 14:20:18 UTC</createdTime>
<generatorID>05056CFB-12AA-7E20-7D7B-CB5B8FBCCBE1</generatorID>
<ownerDesignName>1TDSJ_2017_MMEDL_MODELO</ownerDesignName>
<engineerTo>
<item key="4187EF75-08CD-0AE7-B519-2E83656F30DE" value="true"/>
</engineerTo>
<referedAttribute>6476763D-707F-B177-34F1-13FC795EE448</referedAttribute>
<useDomainConstraints>false</useDomainConstraints>
<use>1</use>
<logicalDatatype>LOGDT019</logicalDatatype>
<dataTypePrecision>10</dataTypePrecision>
<ownDataTypeParameters>,10,</ownDataTypeParameters>
</Attribute>
<Attribute name="cd_produto" id="0137A3C4-CDF9-BDFA-7110-D37F21CE59C9">
<createdBy>logonrm</createdBy>
<createdTime>2017-09-18 12:38:11 UTC</createdTime>
<generatorID>E2ED3DF0-F035-BD0F-2B7B-CB9F78E10FA5</generatorID>
<ownerDesignName>1TDSJ_2017_MMEDL_MODELO</ownerDesignName>
<engineerTo>
<item key="4187EF75-08CD-0AE7-B519-2E83656F30DE" value="true"/>
</engineerTo>
<referedAttribute>B22F8C6F-3CF3-9895-DD54-E53C06C427D4</referedAttribute>
<useDomainConstraints>false</useDomainConstraints>
<use>1</use>
<logicalDatatype>LOGDT019</logicalDatatype>
<dataTypePrecision>10</dataTypePrecision>
<ownDataTypeParameters>,,</ownDataTypeParameters>
</Attribute>
<Attribute name="cd_filial" id="71E9A694-DEE8-C044-9489-4E7C5DD2A28D">
<createdBy>logonrm</createdBy>
<createdTime>2017-09-18 12:36:25 UTC</createdTime>
<generatorID>E2ED3DF0-F035-BD0F-2B7B-CB9F78E10FA5</generatorID>
<ownerDesignName>1TDSJ_2017_MMEDL_MODELO</ownerDesignName>
<engineerTo>
<item key="4187EF75-08CD-0AE7-B519-2E83656F30DE" value="true"/>
</engineerTo>
<referedAttribute>B41D0B5A-D563-6A8C-E5DB-F4DE91620DA8</referedAttribute>
<useDomainConstraints>false</useDomainConstraints>
<use>1</use>
<logicalDatatype>LOGDT019</logicalDatatype>
<dataTypePrecision>10</dataTypePrecision>
<ownDataTypeParameters>,,</ownDataTypeParameters>
</Attribute>
<Attribute name="qt_necessaria" id="4AC51039-22D5-02A1-7171-303E59D18309">
<createdBy>logonrm</createdBy>
<createdTime>2017-09-13 14:18:44 UTC</createdTime>
<ownerDesignName>1TDSJ_2017_MMEDL_MODELO</ownerDesignName>
<engineerTo>
<item key="4187EF75-08CD-0AE7-B519-2E83656F30DE" value="true"/>
</engineerTo>
<nullsAllowed>true</nullsAllowed>
<useDomainConstraints>false</useDomainConstraints>
<use>1</use>
<logicalDatatype>LOGDT019</logicalDatatype>
<dataTypePrecision>10</dataTypePrecision>
<ownDataTypeParameters>,10,</ownDataTypeParameters>
</Attribute>
</attributes>
<identifiers itemClass="oracle.dbtools.crest.model.design.logical.CandidateKey">
<identifier id="BC8701A5-8481-4708-7A31-6DC3301DCC07" name="T_GCS_LISTA_MATERIA PK">
<createdBy>logonrm</createdBy>
<createdTime>2017-09-13 14:19:58 UTC</createdTime>
<ownerDesignName>1TDSJ_2017_MMEDL_MODELO</ownerDesignName>
<engineerTo>
<item key="4187EF75-08CD-0AE7-B519-2E83656F30DE" value="true"/>
</engineerTo>
<pk>true</pk>
<usedAttributes>
<attributeRef>9A43D535-E268-875F-C816-39B36E3399B1</attributeRef>
<attributeRef>1D9BE1F6-EE6E-6FDB-9E6E-59EDC18F8189</attributeRef>
<attributeRef>8A508390-8C80-2CD2-8EF0-748EC09FB1C6</attributeRef>
</usedAttributes>
</identifier>
</identifiers>
</Entity>