<?xml version = '1.0' encoding = 'UTF-8'?>
<Entity class="oracle.dbtools.crest.model.design.logical.Entity" directorySegmentName="seg_0" id="EF95D661-A699-5C10-48D5-F1012DA736E2" name="T_GCS_PESSOAF">
<createdBy>Mayara</createdBy>
<createdTime>2017-08-27 16:23:11 UTC</createdTime>
<ownerDesignName>1TDSJ_2017_MMEDL_MODELO</ownerDesignName>
<engineerTo>
<item key="4187EF75-08CD-0AE7-B519-2E83656F30DE" value="true"/>
</engineerTo>
<adequatelyNormalized>NO</adequatelyNormalized>
<expectedVolumes>0</expectedVolumes>
<fwdEngineeringStrategyName>Single Table</fwdEngineeringStrategyName>
<growthPercent>0</growthPercent>
<growthType>Year</growthType>
<maxVolumes>9999999</maxVolumes>
<minVolumes>0</minVolumes>
<normalForm>Third</normalForm>
<attributes itemClass="oracle.dbtools.crest.model.design.logical.Attribute">
<Attribute name="cd_pessoa" id="8032DDF5-6917-DD01-1CA8-44C5B28CFDF5">
<createdBy>Mayara</createdBy>
<createdTime>2017-08-27 20:50:23 UTC</createdTime>
<generatorID>10E85810-7D46-4776-6033-D0B4335848BA</generatorID>
<ownerDesignName>1TDSJ_2017_MMEDL_MODELO</ownerDesignName>
<engineerTo>
<item key="4187EF75-08CD-0AE7-B519-2E83656F30DE" value="true"/>
</engineerTo>
<referedAttribute>AEAD8BB8-3095-459F-00AC-91AA884CBCA0</referedAttribute>
<useDomainConstraints>false</useDomainConstraints>
<use>1</use>
<logicalDatatype>LOGDT019</logicalDatatype>
<dataTypePrecision>10</dataTypePrecision>
<ownDataTypeParameters>,,</ownDataTypeParameters>
</Attribute>
<Attribute name="nr_rg" id="A0458CF4-7255-FAF2-146C-5EEC7103E86D">
<createdBy>Mayara</createdBy>
<createdTime>2017-08-27 17:09:27 UTC</createdTime>
<ownerDesignName>1TDSJ_2017_MMEDL_MODELO</ownerDesignName>
<engineerTo>
<item key="4187EF75-08CD-0AE7-B519-2E83656F30DE" value="true"/>
</engineerTo>
<useDomainConstraints>false</useDomainConstraints>
<use>1</use>
<logicalDatatype>LOGDT024</logicalDatatype>
<dataTypeSize>12</dataTypeSize>
<ownDataTypeParameters>12,,</ownDataTypeParameters>
</Attribute>
<Attribute name="nr_cpf" id="D1FEF3E6-34F4-68F2-BE1A-BF78DFED68B0">
<createdBy>Mayara</createdBy>
<createdTime>2017-08-27 17:09:01 UTC</createdTime>
<ownerDesignName>1TDSJ_2017_MMEDL_MODELO</ownerDesignName>
<engineerTo>
<item key="4187EF75-08CD-0AE7-B519-2E83656F30DE" value="true"/>
</engineerTo>
<useDomainConstraints>false</useDomainConstraints>
<use>1</use>
<logicalDatatype>LOGDT024</logicalDatatype>
<dataTypeSize>14</dataTypeSize>
<ownDataTypeParameters>14,,</ownDataTypeParameters>
</Attribute>
<Attribute name="dt_nascimento" id="971ED681-A01E-F3B2-9215-07B84DA614C7">
<createdBy>Mayara</createdBy>
<createdTime>2017-08-27 17:09:54 UTC</createdTime>
<ownerDesignName>1TDSJ_2017_MMEDL_MODELO</ownerDesignName>
<engineerTo>
<item key="4187EF75-08CD-0AE7-B519-2E83656F30DE" value="true"/>
</engineerTo>
<useDomainConstraints>false</useDomainConstraints>
<use>1</use>
<logicalDatatype>LOGDT007</logicalDatatype>
<ownDataTypeParameters>,,</ownDataTypeParameters>
</Attribute>
<Attribute name="ds_sexo" id="25CED3D0-9CB4-96E6-2B1C-5DBDAC97C604">
<createdBy>Mayara</createdBy>
<createdTime>2017-08-27 17:17:33 UTC</createdTime>
<ownerDesignName>1TDSJ_2017_MMEDL_MODELO</ownerDesignName>
<engineerTo>
<item key="4187EF75-08CD-0AE7-B519-2E83656F30DE" value="true"/>
</engineerTo>
<useDomainConstraints>false</useDomainConstraints>
<use>1</use>
<logicalDatatype>LOGDT025</logicalDatatype>
<dataTypeSize>1</dataTypeSize>
<ownDataTypeParameters>1,,</ownDataTypeParameters>
</Attribute>
</attributes>
<identifiers itemClass="oracle.dbtools.crest.model.design.logical.CandidateKey">
<identifier id="A63076F6-F6EF-E874-37B2-9A64814F237C" name="T_GCS_PESSOAF PK">
<createdBy>Mayara</createdBy>
<createdTime>2017-08-27 17:13:00 UTC</createdTime>
<ownerDesignName>1TDSJ_2017_MMEDL_MODELO</ownerDesignName>
<engineerTo>
<item key="4187EF75-08CD-0AE7-B519-2E83656F30DE" value="true"/>
</engineerTo>
<pk>true</pk>
<newElementsIDs>10E85810-7D46-4776-6033-D0B4335848BA</newElementsIDs>
<usedAttributes>
<attributeRef>8032DDF5-6917-DD01-1CA8-44C5B28CFDF5</attributeRef>
</usedAttributes>
</identifier>
</identifiers>
</Entity>