<?xml version = '1.0' encoding = 'UTF-8'?>
<Entity class="oracle.dbtools.crest.model.design.logical.Entity" directorySegmentName="seg_0" id="F21F27E6-E22F-1AC1-E9A3-1325CA794D6E" name="T_GCS_BAIRRO">
<createdBy>Mayara</createdBy>
<createdTime>2017-08-27 16:17:00 UTC</createdTime>
<ownerDesignName>1TDSJ_2017_MMEDL_MODELO</ownerDesignName>
<engineerTo>
<item key="4187EF75-08CD-0AE7-B519-2E83656F30DE" value="true"/>
</engineerTo>
<adequatelyNormalized>NO</adequatelyNormalized>
<expectedVolumes>0</expectedVolumes>
<fwdEngineeringStrategyName>Single Table</fwdEngineeringStrategyName>
<growthPercent>0</growthPercent>
<growthType>Year</growthType>
<maxVolumes>9999999</maxVolumes>
<minVolumes>0</minVolumes>
<normalForm>Third</normalForm>
<attributes itemClass="oracle.dbtools.crest.model.design.logical.Attribute">
<Attribute name="cd_bairro" id="4432370E-16DF-317F-3BCE-7B4FF0E0F920">
<createdBy>Mayara</createdBy>
<createdTime>2017-08-27 17:41:45 UTC</createdTime>
<ownerDesignName>1TDSJ_2017_MMEDL_MODELO</ownerDesignName>
<engineerTo>
<item key="4187EF75-08CD-0AE7-B519-2E83656F30DE" value="true"/>
</engineerTo>
<useDomainConstraints>false</useDomainConstraints>
<use>1</use>
<logicalDatatype>LOGDT019</logicalDatatype>
<dataTypePrecision>10</dataTypePrecision>
<ownDataTypeParameters>,10,</ownDataTypeParameters>
</Attribute>
<Attribute name="cd_cidade" id="B829C101-5B86-E6A5-B7CD-EAA4D348464C">
<createdBy>Mayara</createdBy>
<createdTime>2017-08-27 17:44:24 UTC</createdTime>
<generatorID>57D1DD64-56AD-8A51-FA30-1A7363B0293D</generatorID>
<ownerDesignName>1TDSJ_2017_MMEDL_MODELO</ownerDesignName>
<engineerTo>
<item key="4187EF75-08CD-0AE7-B519-2E83656F30DE" value="true"/>
</engineerTo>
<referedAttribute>FA64EED9-14DD-3A22-FC1B-30414E87DAEE</referedAttribute>
<useDomainConstraints>false</useDomainConstraints>
<use>1</use>
<logicalDatatype>LOGDT019</logicalDatatype>
<dataTypePrecision>10</dataTypePrecision>
<ownDataTypeParameters>,10,</ownDataTypeParameters>
</Attribute>
<Attribute name="nm_bairro" id="4AB49D1D-2D8C-1D6C-1B65-E95C2DDDA784">
<createdBy>Mayara</createdBy>
<createdTime>2017-08-27 17:41:53 UTC</createdTime>
<ownerDesignName>1TDSJ_2017_MMEDL_MODELO</ownerDesignName>
<engineerTo>
<item key="4187EF75-08CD-0AE7-B519-2E83656F30DE" value="true"/>
</engineerTo>
<useDomainConstraints>false</useDomainConstraints>
<use>1</use>
<logicalDatatype>LOGDT024</logicalDatatype>
<dataTypeSize>30</dataTypeSize>
<ownDataTypeParameters>30,,</ownDataTypeParameters>
</Attribute>
</attributes>
<identifiers itemClass="oracle.dbtools.crest.model.design.logical.CandidateKey">
<identifier id="6E68DDE5-395D-AB53-D227-1282B42323E5" name="T_GCS_BAIRRO PK">
<createdBy>Mayara</createdBy>
<createdTime>2017-08-27 17:41:50 UTC</createdTime>
<ownerDesignName>1TDSJ_2017_MMEDL_MODELO</ownerDesignName>
<engineerTo>
<item key="4187EF75-08CD-0AE7-B519-2E83656F30DE" value="true"/>
</engineerTo>
<pk>true</pk>
<newElementsIDs>4432370E-16DF-317F-3BCE-7B4FF0E0F920</newElementsIDs>
<usedAttributes>
<attributeRef>4432370E-16DF-317F-3BCE-7B4FF0E0F920</attributeRef>
</usedAttributes>
</identifier>
</identifiers>
</Entity>