<?xml version = '1.0' encoding = 'UTF-8'?>
<Entity class="oracle.dbtools.crest.model.design.logical.Entity" directorySegmentName="seg_0" id="F8AC4887-2E90-1289-8DDD-C30B874EC357" name="T_GCS_ESTOQUE_FILIAL">
<createdBy>Mayara</createdBy>
<createdTime>2017-08-27 19:05:02 UTC</createdTime>
<ownerDesignName>1TDSJ_2017_MMEDL_MODELO</ownerDesignName>
<engineerTo>
<item key="4187EF75-08CD-0AE7-B519-2E83656F30DE" value="true"/>
</engineerTo>
<adequatelyNormalized>NO</adequatelyNormalized>
<expectedVolumes>0</expectedVolumes>
<fwdEngineeringStrategyName>Single Table</fwdEngineeringStrategyName>
<growthPercent>0</growthPercent>
<growthType>Year</growthType>
<maxVolumes>9999999</maxVolumes>
<minVolumes>0</minVolumes>
<normalForm>Third</normalForm>
<attributes itemClass="oracle.dbtools.crest.model.design.logical.Attribute">
<Attribute name="cd_filial" id="B41D0B5A-D563-6A8C-E5DB-F4DE91620DA8">
<createdBy>Mayara</createdBy>
<createdTime>2017-08-27 19:06:13 UTC</createdTime>
<generatorID>F9A7C8B2-BBB5-B152-64A7-EDDDCB70917D</generatorID>
<ownerDesignName>1TDSJ_2017_MMEDL_MODELO</ownerDesignName>
<engineerTo>
<item key="4187EF75-08CD-0AE7-B519-2E83656F30DE" value="true"/>
</engineerTo>
<referedAttribute>9543093A-062F-75AA-6F48-99337B22D5FA</referedAttribute>
<useDomainConstraints>false</useDomainConstraints>
<use>1</use>
<logicalDatatype>LOGDT019</logicalDatatype>
<dataTypePrecision>10</dataTypePrecision>
<ownDataTypeParameters>,,</ownDataTypeParameters>
</Attribute>
<Attribute name="cd_produto" id="B22F8C6F-3CF3-9895-DD54-E53C06C427D4">
<createdBy>logonrm</createdBy>
<createdTime>2017-09-04 13:46:52 UTC</createdTime>
<generatorID>11DA0660-DA66-F2C6-C058-4F6CB9144597</generatorID>
<ownerDesignName>1TDSJ_2017_MMEDL_MODELO</ownerDesignName>
<engineerTo>
<item key="4187EF75-08CD-0AE7-B519-2E83656F30DE" value="true"/>
</engineerTo>
<referedAttribute>F2A33734-A6A3-7433-AD9A-5F95C2C1AB62</referedAttribute>
<useDomainConstraints>false</useDomainConstraints>
<use>1</use>
<logicalDatatype>LOGDT019</logicalDatatype>
<dataTypePrecision>10</dataTypePrecision>
<ownDataTypeParameters>,10,</ownDataTypeParameters>
</Attribute>
<Attribute name="qt_minima_est_filial" id="716177E7-DFBF-8AE2-93A2-E447110C854C">
<createdBy>logonrm</createdBy>
<createdTime>2017-09-04 13:45:43 UTC</createdTime>
<ownerDesignName>1TDSJ_2017_MMEDL_MODELO</ownerDesignName>
<engineerTo>
<item key="4187EF75-08CD-0AE7-B519-2E83656F30DE" value="true"/>
</engineerTo>
<useDomainConstraints>false</useDomainConstraints>
<use>1</use>
<logicalDatatype>LOGDT019</logicalDatatype>
<dataTypePrecision>4</dataTypePrecision>
<ownDataTypeParameters>,4,</ownDataTypeParameters>
</Attribute>
<Attribute name="qt_estoque_filial" id="B739587C-03A2-A518-165F-050EE746BD0D">
<createdBy>logonrm</createdBy>
<createdTime>2017-09-04 13:44:19 UTC</createdTime>
<ownerDesignName>1TDSJ_2017_MMEDL_MODELO</ownerDesignName>
<engineerTo>
<item key="4187EF75-08CD-0AE7-B519-2E83656F30DE" value="true"/>
</engineerTo>
<useDomainConstraints>false</useDomainConstraints>
<use>1</use>
<logicalDatatype>LOGDT019</logicalDatatype>
<dataTypePrecision>4</dataTypePrecision>
<ownDataTypeParameters>,4,</ownDataTypeParameters>
</Attribute>
</attributes>
<identifiers itemClass="oracle.dbtools.crest.model.design.logical.CandidateKey">
<identifier id="E84C901C-E766-23F5-0F58-B1731DEC1DB1" name="T_GCS_PRODUTO_FILIAL PK">
<createdBy>Mayara</createdBy>
<createdTime>2017-08-27 20:13:32 UTC</createdTime>
<ownerDesignName>1TDSJ_2017_MMEDL_MODELO</ownerDesignName>
<engineerTo>
<item key="4187EF75-08CD-0AE7-B519-2E83656F30DE" value="true"/>
</engineerTo>
<pk>true</pk>
<newElementsIDs>F9A7C8B2-BBB5-B152-64A7-EDDDCB70917D,11DA0660-DA66-F2C6-C058-4F6CB9144597</newElementsIDs>
<usedAttributes>
<attributeRef>B41D0B5A-D563-6A8C-E5DB-F4DE91620DA8</attributeRef>
<attributeRef>B22F8C6F-3CF3-9895-DD54-E53C06C427D4</attributeRef>
</usedAttributes>
</identifier>
</identifiers>
</Entity>