<?xml version = '1.0' encoding = 'UTF-8'?>
<Entity class="oracle.dbtools.crest.model.design.logical.Entity" directorySegmentName="seg_0" id="FBDD6C8A-E44A-3789-9BC8-F83D738D11DB" name="T_GCS_FORNECEDOR">
<createdBy>Mayara</createdBy>
<createdTime>2017-08-27 16:23:35 UTC</createdTime>
<ownerDesignName>1TDSJ_2017_MMEDL_MODELO</ownerDesignName>
<engineerTo>
<item key="4187EF75-08CD-0AE7-B519-2E83656F30DE" value="true"/>
</engineerTo>
<adequatelyNormalized>NO</adequatelyNormalized>
<expectedVolumes>0</expectedVolumes>
<fwdEngineeringStrategyName>Single Table</fwdEngineeringStrategyName>
<growthPercent>0</growthPercent>
<growthType>Year</growthType>
<maxVolumes>9999999</maxVolumes>
<minVolumes>0</minVolumes>
<normalForm>Third</normalForm>
<attributes itemClass="oracle.dbtools.crest.model.design.logical.Attribute">
<Attribute name="cd_fornecedor" id="2FBDCEDE-A52A-C022-D184-6AC2D3D2720D">
<createdBy>Mayara</createdBy>
<createdTime>2017-08-27 17:56:46 UTC</createdTime>
<ownerDesignName>1TDSJ_2017_MMEDL_MODELO</ownerDesignName>
<engineerTo>
<item key="4187EF75-08CD-0AE7-B519-2E83656F30DE" value="true"/>
</engineerTo>
<useDomainConstraints>false</useDomainConstraints>
<use>1</use>
<logicalDatatype>LOGDT019</logicalDatatype>
<dataTypePrecision>10</dataTypePrecision>
<ownDataTypeParameters>,10,</ownDataTypeParameters>
</Attribute>
<Attribute name="cd_pessoa" id="0C958CB9-4157-6490-5716-1E38E869E7CE">
<createdBy>Mayara</createdBy>
<createdTime>2017-08-29 16:18:37 UTC</createdTime>
<generatorID>922145FF-2510-0CE5-997F-F8CAF4565791</generatorID>
<ownerDesignName>1TDSJ_2017_MMEDL_MODELO</ownerDesignName>
<engineerTo>
<item key="4187EF75-08CD-0AE7-B519-2E83656F30DE" value="true"/>
</engineerTo>
<referedAttribute>AEAD8BB8-3095-459F-00AC-91AA884CBCA0</referedAttribute>
<useDomainConstraints>false</useDomainConstraints>
<use>1</use>
<logicalDatatype>LOGDT019</logicalDatatype>
<dataTypePrecision>10</dataTypePrecision>
<ownDataTypeParameters>,,</ownDataTypeParameters>
</Attribute>
</attributes>
<identifiers itemClass="oracle.dbtools.crest.model.design.logical.CandidateKey">
<identifier id="AD53F759-86A5-7F9A-1140-1ADC0BE7A636" name="T_GCS_FORNECEDEOR PK">
<createdBy>Mayara</createdBy>
<createdTime>2017-08-27 17:56:51 UTC</createdTime>
<ownerDesignName>1TDSJ_2017_MMEDL_MODELO</ownerDesignName>
<engineerTo>
<item key="4187EF75-08CD-0AE7-B519-2E83656F30DE" value="true"/>
</engineerTo>
<pk>true</pk>
<newElementsIDs>2FBDCEDE-A52A-C022-D184-6AC2D3D2720D</newElementsIDs>
<usedAttributes>
<attributeRef>2FBDCEDE-A52A-C022-D184-6AC2D3D2720D</attributeRef>
</usedAttributes>
</identifier>
</identifiers>
</Entity>